마이비,공공
3100440,19014
3101560,25001
3101559,25003
3101558,25005
3100413,25011
3100086,25007
3100433,25009
3101432,24236
3101431,24234
3101430,24232
3100425,24230
3101429,24228
3100148,24226
3101428,24224
3101427,24222
3100145,24220
3101426,24218
3101425,24216
3101544,24214
3101543,24212
3101542,24210
3100101,24208
3100143,24206
3103633,24258
3101405,24204
3101541,30634
3101540,30632
3100463,30630
3101539,30628
3101538,30626
3101537,30624
3100217,30622
3100058,30620
3101536,30618
3101535,30616
3101534,30614
3101533,30612
"3101424	",40337
3101423,40339
3100590,40341
3100020,40343
3100021,40428
3101422,40422
3101421,40420
3101420,40418
3101419,40416
3101507,40414
3100194,40412
3101506,40410
3101505,40408
3101418,40404
3101417,40614
3101416,40610
3101415,40608
3101414,40606
3101413,40603
3101412,40602
3100106,40620
3101411,22404
3101410,22402
3101409,30703
3100478,30705
3101408,30707
3101407,30711
3102261,30713
3100264,30597
3100596,30503
