,연번,학교종류,학교명,학교명(영문),본분교,학교상태,설립,남여공학,전화번호,팩스번호,홈페이지,지번주소,표준일차명,표준이차명,표준삼차명,행정동명,법정동명,리명,산 구분,주번지,부번지,표준건물명,법정동코드,행정동코드,새주소,길이름,건물주번,건물부번,우편번호,UTM-K_X좌표,UTM-K_Y좌표,WGS84_X좌표,WGS84_Y좌표,TM60_X좌표,TM60_Y좌표,lat_lng,latitude,longitude
17,21,전문대학(3년제),울산과학대학교,ULSAN COLLEGE,본교,기존,사립,,052-230-0500,052-234-9300,www.uc.ac.kr,울산광역시 동구 화정동 160-1번지 울산과학대학동부캠퍼스 (동부캠퍼스),울산광역시,동구,,화정동,화정동,,0,160.0,1.0,울산과학대학동부캠퍼스,3117010200,3117053000.0,"울산광역시 동구 대송3길 22, (화정동,울산과학대학동부캠퍼스)",대송3길,22.0,0.0,44061.0,1174001.09,1724535.741,129.418488,35.50148969,419445.2886,325423.2799,"{'lat': 35.49578930000001, 'lng': 129.4156498}",35.49578930000001,129.4156498
18,22,전문대학(3년제),춘해보건대학교,Choonhae College of Health Sciences,본교,기존,사립,,052-270-0100,052-225-9889,www.ch.ac.kr,울산광역시 울주군 웅촌면 곡천리 713번지 춘해보건대학,울산광역시,울주군,,웅촌면,웅촌면,곡천리,0,713.0,,춘해보건대학,3171034023,3171034000.0,"울산광역시 울주군 웅촌면 대학길 9, (춘해보건대학)",대학길,9.0,0.0,44965.0,1153859.743,1719369.249,129.1955293,35.45825198,399318.1433,320151.5394,"{'lat': 35.4578572, 'lng': 129.1964003}",35.4578572,129.1964003
214,244,대학교,울산과학기술원,Ulsan National Institute of Science and Technology,본교,기존,특별법법인,,052-217-0114,052-217-1169,www.unist.ac.kr,울산광역시 울주군 언양읍 반연리 100번지,울산광역시,울주군,,언양읍,언양읍,반연리,0,100.0,,,3171025333,3171025300.0,울산광역시 울주군 언양읍 유니스트길 50,유니스트길,50.0,0.0,44919.0,1153251.63,1732117.722,129.1912394,35.57324456,398644.9578,332904.3754,"{'lat': 35.5763317, 'lng': 129.189255}",35.5763317,129.189255
215,245,대학교,울산대학교,University of Ulsan,본교,기존,사립,,052-259-2065,052-277-3419,www.ulsan.ac.kr,울산광역시 남구 무거동 665번지 울산대학교,울산광역시,남구,,무거동,무거동,,0,665.0,,울산대학교,3114010100,3114059500.0,"울산광역시 남구 대학로 93, (무거동,울산대학교)",대학로,93.0,0.0,44610.0,1159512.607,1728908.697,129.2596727,35.5433347,404925.9203,329725.2832,"{'lat': 35.5437411, 'lng': 129.2562843}",35.5437411,129.2562843
369,404,사내대학(전문),현대중공업공과대학,Hyundai Heavy Industries Technical College,본교,기존,사립,,052-202-9248,052-250-9066,college.hhi.co.kr/,울산광역시 동구 미포동 1-10번지,울산광역시,동구,,전하1동,미포동,,0,1.0,10.0,,3117010500,3117055000.0,"울산광역시 동구 방어진순환도로 1000, (미포동)",방어진순환도로,1000.0,0.0,44032.0,1175158.455,1726593.103,129.4316865,35.51982614,420592.9123,327487.7686,"{'lat': 35.5166357, 'lng': 129.4380112}",35.5166357,129.4380112
404,443,기능대학,한국폴리텍 VII 대학 울산캠퍼스,Ulsan Campus of KOREA POLYTECHNIC,본교,기존,사립,,052-290-1500,052-290-1519,www.kopo.ac.kr/ulsan/index.do,울산광역시 중구 동동 81번지,울산광역시,중구,,병영2동,동동,,0,81.0,,,3111011300,3111063000.0,"울산광역시 중구 산전길 155, (동동)",산전길,155.0,0.0,44482.0,1167491.003,1733107.654,129.3485159,35.57985906,412887.7237,333967.2909,"{'lat': 35.5785325, 'lng': 129.3480392}",35.5785325,129.3480392
493,545,일반대학원,울산과학기술원 일반대학원,Ulsan National Institute of Science and Technology Graduate,본교,기존,특별법법인,,052-217-0114,052-217-0119,http://www.unist.ac.kr/,울산광역시 울주군 언양읍 반연리 100번지,울산광역시,울주군,,언양읍,언양읍,반연리,0,100.0,,,3171025333,3171025300.0,울산광역시 울주군 언양읍 유니스트길 50,유니스트길,50.0,0.0,44919.0,1153251.63,1732117.722,129.1912394,35.57324456,398644.9578,332904.3754,"{'lat': 35.5763317, 'lng': 129.189255}",35.5763317,129.189255
494,546,일반대학원,울산대학교 대학원,"The Graduate School, University of Ulsan",본교,기존,사립,,052-259-2083,052-259-2771,grad.ulsan.ac.kr,울산광역시 남구 무거동 665번지 울산대학교,울산광역시,남구,,무거동,무거동,,0,665.0,,울산대학교,3114010100,3114059500.0,"울산광역시 남구 대학로 93, (무거동,울산대학교)",대학로,93.0,0.0,44610.0,1159512.607,1728908.697,129.2596727,35.5433347,404925.9203,329725.2832,"{'lat': 35.5437411, 'lng': 129.2562843}",35.5437411,129.2562843
754,818,전문대학원,울산과학기술원 기술경영전문대학원,UNIST Graduate School of Technology & Inovaion Management ,본교,기존,특별법법인,,,,mot.unist.ac.kr,울산광역시 울주군 언양읍 반연리 100번지,울산광역시,울주군,,언양읍,언양읍,반연리,0,100.0,,,3171025333,3171025300.0,울산광역시 울주군 언양읍 유니스트길 50,유니스트길,50.0,0.0,44919.0,1153251.63,1732117.722,129.1912394,35.57324456,398644.9578,332904.3754,"{'lat': 35.5763317, 'lng': 129.189255}",35.5763317,129.189255
755,819,전문대학원,울산과학기술원 디자인-공학 융합전문대학원,UNIST Graduate School of Creative Design Engineering,본교,기존,특별법법인,,217-2790,,cde.unist.ac.kr/,울산광역시 울주군 언양읍 반연리 100번지,울산광역시,울주군,,언양읍,언양읍,반연리,0,100.0,,,3171025333,3171025300.0,울산광역시 울주군 언양읍 유니스트길 50,유니스트길,50.0,0.0,44919.0,1153251.63,1732117.722,129.1912394,35.57324456,398644.9578,332904.3754,"{'lat': 35.5763317, 'lng': 129.189255}",35.5763317,129.189255
756,820,전문대학원,한국전력국제원자력대학원대학교,KEPCO International Nuclear Graduate School,본교,기존,사립,,052-712-7000,052-712-7139,www.kings.ac.kr,울산광역시 울주군 서생면 신암리 1466번지,울산광역시,울주군,,서생면,서생면,신암리,0,1466.0,,,3171031021,3171031000.0,울산광역시 울주군 서생면 해맞이로 658-91,해맞이로,658.0,91.0,45014.0,1164406.273,1705762.914,129.3089599,35.33393896,409939.7805,306590.5489,"{'lat': 35.3335932, 'lng': 129.3093791}",35.3335932,129.3093791
1280,1415,특수대학원,울산과학기술원 기술경영대학원,Graduate School of Technology Management ,본교,폐교,특별법법인,,052-217-0114,052-217-0119,www.unist.ac.kr,울산광역시 울주군 언양읍 반연리 100번지,울산광역시,울주군,,언양읍,언양읍,반연리,0,100.0,,,3171025333,3171025300.0,울산광역시 울주군 언양읍 유니스트길 50,유니스트길,50.0,0.0,44919.0,1153251.63,1732117.722,129.1912394,35.57324456,398644.9578,332904.3754,"{'lat': 35.5763317, 'lng': 129.189255}",35.5763317,129.189255
1281,1416,특수대학원,울산과학기술원 융합경영대학원,UNIST Graduate School of Interdisciplinary Management,본교,기존,특별법법인,,217-0114,,gstm-kor.unist.ac.kr,울산광역시 울주군 언양읍 반연리 100번지,울산광역시,울주군,,언양읍,언양읍,반연리,0,100.0,,,3171025333,3171025300.0,울산광역시 울주군 언양읍 유니스트길 50,유니스트길,50.0,0.0,44919.0,1153251.63,1732117.722,129.1912394,35.57324456,398644.9578,332904.3754,"{'lat': 35.5763317, 'lng': 129.189255}",35.5763317,129.189255
1282,1417,특수대학원,울산대학교 경영대학원,"G. S. of Business Administration, Univ. of Ulsan",본교,기존,사립,,052-259-2094,052-277-3115,mba.ulsan.ac.kr/,울산광역시 남구 무거동 665번지 울산대학교,울산광역시,남구,,무거동,무거동,,0,665.0,,울산대학교,3114010100,3114059500.0,"울산광역시 남구 대학로 93, (무거동,울산대학교)",대학로,93.0,0.0,44610.0,1159512.607,1728908.697,129.2596727,35.5433347,404925.9203,329725.2832,"{'lat': 35.5437411, 'lng': 129.2562843}",35.5437411,129.2562843
1283,1418,특수대학원,울산대학교 교육대학원,"G. S. of Education, Univ. of Ulsan",본교,기존,사립,,052-259-2091,052-277-1715,edu.ulsan.ac.kr/,울산광역시 남구 무거동 665번지 울산대학교,울산광역시,남구,,무거동,무거동,,0,665.0,,울산대학교,3114010100,3114059500.0,"울산광역시 남구 대학로 93, (무거동,울산대학교)",대학로,93.0,0.0,44610.0,1159512.607,1728908.697,129.2596727,35.5433347,404925.9203,329725.2832,"{'lat': 35.5437411, 'lng': 129.2562843}",35.5437411,129.2562843
1284,1419,특수대학원,울산대학교 산업대학원,"G. S. of Industry, Univ. of Ulsan",본교,기존,사립,,052-259-2685,052-259-1420,industry.ulsan.ac.kr,울산광역시 남구 무거동 665번지 울산대학교,울산광역시,남구,,무거동,무거동,,0,665.0,,울산대학교,3114010100,3114059500.0,"울산광역시 남구 대학로 93, (무거동,울산대학교)",대학로,93.0,0.0,44610.0,1159512.607,1728908.697,129.2596727,35.5433347,404925.9203,329725.2832,"{'lat': 35.5437411, 'lng': 129.2562843}",35.5437411,129.2562843
1285,1420,특수대학원,울산대학교 정책대학원,"G. S. of Public Policy, Univ. of Ulsan",본교,기존,사립,,052-259-2099,052-259-2466,gspp.ulsan.ac.kr,울산광역시 남구 무거동 665번지 울산대학교,울산광역시,남구,,무거동,무거동,,0,665.0,,울산대학교,3114010100,3114059500.0,"울산광역시 남구 대학로 93, (무거동,울산대학교)",대학로,93.0,0.0,44610.0,1159512.607,1728908.697,129.2596727,35.5433347,404925.9203,329725.2832,"{'lat': 35.5437411, 'lng': 129.2562843}",35.5437411,129.2562843
1286,1421,특수대학원,울산대학교자동차선박기술대학원,Institute of e-Vehicle Technology,본교,기존,사립,,052-259-2891,052-277-1130,e-vehicle.ulsan.ac.kr/,울산광역시 남구 무거동 665번지 울산대학교,울산광역시,남구,,무거동,무거동,,0,665.0,,울산대학교,3114010100,3114059500.0,"울산광역시 남구 대학로 93, (무거동,울산대학교)",대학로,93.0,0.0,44610.0,1159512.607,1728908.697,129.2596727,35.5433347,404925.9203,329725.2832,"{'lat': 35.5437411, 'lng': 129.2562843}",35.5437411,129.2562843
3155,3613,초등학교,남외초등학교,,본교,기존(원)교,공립,,052-285-5300,052-285-5303,http://www.namoe.es.kr/,울산광역시 중구 남외동 502-2번지 남외초등학교,울산광역시,중구,,병영1동,남외동,,0,502.0,2.0,남외초등학교,3111011500,3111062000.0,"울산광역시 중구 남외3길 40, (남외동,남외초등학교)",남외3길,40.0,0.0,44496.0,1167551.373,1731552.434,129.3488597,35.56583339,412956.0374,332411.4451,"{'lat': 35.5657917, 'lng': 129.3485497}",35.5657917,129.3485497
3156,3614,초등학교,내황초등학교,,본교,기존(원)교,공립,,052-297-6072,052-281-0903,http://naehwang.es.kr,울산광역시 중구 반구동 395번지 내황초등학교,울산광역시,중구,,반구1동,반구동,,0,395.0,,내황초등학교,3111011800,3111052000.0,"울산광역시 중구 내황13길 53, (반구동,내황초등학교)",내황13길,53.0,0.0,44503.0,1167541.116,1730000.642,129.3484253,35.55185054,412953.6613,330858.671,"{'lat': 35.551932, 'lng': 129.348883}",35.551932,129.348883
3157,3615,초등학교,다운초등학교,,본교,기존(원)교,공립,,052-224-4021,052-224-0741,http://www.daun.es.kr,울산광역시 중구 다운동 811번지 다운초등학교,울산광역시,중구,,다운동,다운동,,0,811.0,,다운초등학교,3111011200,3111061000.0,"울산광역시 중구 다운8길 5, (다운동,다운초등학교)",다운8길,5.0,0.0,44409.0,1160200.84,1730984.1,129.2676724,35.56192787,405604.0139,331805.4104,"{'lat': 35.5618525, 'lng': 129.267025}",35.5618525,129.267025
3158,3616,초등학교,다전초등학교,,본교,기존(원)교,공립,,052-710-5771,052-249-2292,http://www.dajeon.es.kr,울산광역시 중구 다운동 686-1번지 다전초등학교,울산광역시,중구,,다운동,다운동,,0,686.0,1.0,다전초등학교,3111011200,3111061000.0,"울산광역시 중구 다운로 176, (다운동,다전초등학교)",다운로,176.0,0.0,44403.0,1160224.749,1731667.629,129.2680714,35.56808417,405624.4634,332489.4653,"{'lat': 35.5677111, 'lng': 129.2684352}",35.5677111,129.2684352
3159,3617,초등학교,명정초등학교,,본교,기존(원)교,공립,,052-247-1065,052-247-1125,http://www.us-mj.es.kr/,울산광역시 중구 태화동 733번지 명정초등학교,울산광역시,중구,,다운동,태화동,,0,733.0,,명정초등학교,3111011100,3111061000.0,"울산광역시 중구 명난로 115, (태화동,명정초등학교)",명난로,115.0,0.0,44437.0,1162119.555,1730001.624,129.2886377,35.55276137,407528.8592,330832.1028,"{'lat': 35.55282, 'lng': 129.2892223}",35.55282,129.2892223
3160,3618,초등학교,무룡초등학교,,본교,기존(원)교,공립,,052-292-3141,052-292-3147,http://www.muryong.es.kr,울산광역시 중구 약사동 762번지 무룡초등학교 사동 (약),울산광역시,중구,,약사동,약사동,,0,762.0,,무룡초등학교,3111011700,3111064000.0,"울산광역시 중구 약사로 50, 사동 (약사동,무룡초등학교)",약사로,50.0,0.0,44474.0,1166316.483,1731967.343,129.3353247,35.56978071,411718.2982,332820.3254,"{'lat': 35.5699379, 'lng': 129.3349786}",35.5699379,129.3349786
3161,3619,초등학교,백양초등학교,,본교,기존(원)교,공립,,052-210-6103,052-201-6199,http://www.baekyang.kr,울산광역시 중구 성안동 117-1번지 백양초등학교,울산광역시,중구,,성안동,성안동,,0,117.0,1.0,백양초등학교,3111010900,3111065000.0,"울산광역시 중구 성안8길 10-5, (성안동,백양초등학교)",성안8길,10.0,5.0,44417.0,1164863.66,1732754.297,129.3194603,35.57711573,410260.6054,333600.3628,"{'lat': 35.5772065, 'lng': 129.3199965}",35.5772065,129.3199965
3162,3620,초등학교,병영초등학교,,본교,기존(원)교,공립,,052-292-7995,052-297-5422,http://www.by.es.kr,울산광역시 중구 서동 311번지 병영초등학교,울산광역시,중구,,병영2동,서동,,0,311.0,,병영초등학교,3111011400,3111063000.0,"울산광역시 중구 병영성13길 2, (서동,병영초등학교)",병영성13길,2.0,0.0,44485.0,1167109.596,1732521.934,129.3441874,35.57464509,412509.0666,333379.2807,"{'lat': 35.5749721, 'lng': 129.3450909}",35.5749721,129.3450909
3163,3621,초등학교,복산초등학교,,본교,기존(원)교,공립,,052-245-1202,052-243-0107,http://www.poksan.es.kr,울산광역시 중구 복산동 571번지 복산초등학교,울산광역시,중구,,복산1동,복산동,,0,571.0,,복산초등학교,3111010300,3111054000.0,"울산광역시 중구 장춘로 151-5, (복산동,복산초등학교)",장춘로,151.0,5.0,44469.0,1165368.71,1730757.618,129.3246235,35.5590374,410776.108,331605.0593,"{'lat': 35.5593473, 'lng': 129.3245639}",35.5593473,129.3245639
3164,3622,초등학교,삼일초등학교,,본교,기존(원)교,공립,,052-294-0568,052-294-0566,http://samil-us.es.kr,울산광역시 중구 서동 40번지 삼일초등학교,울산광역시,중구,,병영2동,서동,,0,40.0,,삼일초등학교,3111011400,3111063000.0,"울산광역시 중구 동천5길 18-9, (서동,삼일초등학교)",동천5길,18.0,9.0,44481.0,1167256.086,1733348.495,129.3459742,35.58206922,412651.4412,334207.0821,"{'lat': 35.58223419999999, 'lng': 129.345494}",35.58223419999999,129.345494
3165,3623,초등학교,성안초등학교,,본교,기존(원)교,공립,,052-244-3765,052-244-2952,http://ul-seongan.es.kr,울산광역시 중구 성안동 797-1번지 성안초등학교,울산광역시,중구,,성안동,성안동,,0,797.0,1.0,성안초등학교,3111010900,3111065000.0,"울산광역시 중구 함월14길 19, (성안동,성안초등학교)",함월14길,19.0,0.0,44422.0,1164249.458,1732637.947,129.3126613,35.57616929,409646.6289,333480.8204,"{'lat': 35.5762898, 'lng': 129.3122195}",35.5762898,129.3122195
3166,3624,초등학교,약사초등학교,,본교,기존(원)교,공립,,052-293-8643,052-293-8616,http://www.yaksa.es.kr,울산광역시 중구 약사동 707-2번지 약사초등학교 사동 (약),울산광역시,중구,,약사동,약사동,,0,707.0,2.0,약사초등학교,3111011700,3111064000.0,"울산광역시 중구 화합로 478, 사동 (약사동,약사초등학교)",화합로,478.0,0.0,44479.0,1166223.69,1731611.923,129.3342282,35.56659326,411627.2563,332464.2209,"{'lat': 35.5675895, 'lng': 129.3339275}",35.5675895,129.3339275
3167,3625,초등학교,양사초등학교,,본교,기존(원)교,공립,,052-244-6183,052-244-6195,http://yangsa-us.es.kr/,울산광역시 중구 교동 281번지 양사초등학교,울산광역시,중구,,중앙동,교동,,0,281.0,,양사초등학교,3111010700,3111058500.0,"울산광역시 중구 장춘로 95, (교동,양사초등학교)",장춘로,95.0,0.0,44468.0,1164899.051,1730516.497,129.3193946,35.55694271,410307.3936,331361.4069,"{'lat': 35.5574072, 'lng': 129.3189164}",35.5574072,129.3189164
3168,3626,초등학교,옥성초등학교,,본교,기존(원)교,공립,,052-298-5403,052-294-3331,http://www.okseong-us.es.kr/,울산광역시 중구 학성동 180-1번지 옥성초등학교,울산광역시,중구,,학성동,학성동,,0,180.0,1.0,옥성초등학교,3111010100,3111051000.0,"울산광역시 중구 옥교11길 50, (학성동,옥성초등학교)",옥교11길,50.0,0.0,44526.0,1166347.043,1730100.965,129.3352782,35.55295584,411758.363,330952.9852,"{'lat': 35.5528486, 'lng': 129.3345791}",35.5528486,129.3345791
3169,3627,초등학교,외솔초등학교,,본교,기존(원)교,공립,,052-290-1093,052-296-2299,http://www.oesol.es.kr/,울산광역시 중구 서동 621번지,울산광역시,중구,,병영2동,서동,,0,621.0,,,3111011400,3111063000.0,"울산광역시 중구 종가로 700, (서동)",종가로,700.0,0.0,44550.0,1166909.794,1733503.059,129.3421859,35.5835206,412304.1561,334359.9778,"{'lat': 35.5794049, 'lng': 129.3430649}",35.5794049,129.3430649
3170,3628,초등학교,우정초등학교,,본교,기존(원)교,공립,,052-243-9641,052-245-5283,http://www.u-jeong.kr,울산광역시 중구 우정동 707번지 우정초등학교,울산광역시,중구,,우정동,우정동,,0,707.0,,우정초등학교,3111010800,3111059000.0,"울산광역시 중구 평동길 40, (우정동,우정초등학교)",평동길,40.0,0.0,44464.0,1163854.891,1730759.616,129.3079284,35.559307,409261.3757,331599.3651,"{'lat': 35.5602638, 'lng': 129.3070537}",35.5602638,129.3070537
3171,3629,초등학교,울산초등학교,,본교,기존(원)교,공립,,052-244-7674,052-244-9291,http://www.ulsan.es.kr,울산광역시 중구 유곡동 263번지,울산광역시,중구,,태화동,유곡동,,0,263.0,,,3111011000,3111060000.0,"울산광역시 중구 종가5길 30, (유곡동)",종가5길,30.0,0.0,44540.0,1163123.176,1731036.625,129.2999142,35.56192422,408527.8169,331872.8197,"{'lat': 35.5619534, 'lng': 129.2995838}",35.5619534,129.2995838
3172,3630,초등학교,태화초등학교,,본교,기존(원)교,공립,,052-246-1501,052-246-1503,http://tae-hwa.es.kr,울산광역시 중구 유곡동 101-1번지 태화초등학교,울산광역시,중구,,태화동,유곡동,,0,101.0,1.0,태화초등학교,3111011000,3111060000.0,"울산광역시 중구 평동길 25, (유곡동,태화초등학교)",평동길,25.0,0.0,44466.0,1163705.738,1730700.731,129.3062715,35.55880098,409112.4332,331539.6862,"{'lat': 35.5587329, 'lng': 129.3061023}",35.5587329,129.3061023
3173,3631,초등학교,평산초등학교,,본교,기존(원)교,공립,,052-297-7362,052-296-4780,http://www.ps.es.kr/,울산광역시 중구 약사동 612-8번지 평산초등학교 사동 (약),울산광역시,중구,,약사동,약사동,,0,612.0,8.0,평산초등학교,3111011700,3111064000.0,"울산광역시 중구 평산로 25, 사동 (약사동,평산초등학교)",평산로,25.0,0.0,44473.0,1166548.418,1731905.345,129.3378702,35.569183,411950.6872,332759.4696,"{'lat': 35.56918, 'lng': 129.3379395}",35.56918,129.3379395
3174,3632,초등학교,학성초등학교,,본교,기존(원)교,공립,,052-216-7008,052-293-9630,http://www.hakseong.es.kr,울산광역시 중구 반구동 270-1번지 학성초등학교,울산광역시,중구,,반구2동,반구동,,0,270.0,1.0,학성초등학교,3111011800,3111053000.0,"울산광역시 중구 해오름1길 15, (반구동,학성초등학교)",해오름1길,15.0,0.0,44515.0,1167010.995,1730939.452,129.3427731,35.56040053,412418.4513,331795.3487,"{'lat': 35.560085, 'lng': 129.342303}",35.560085,129.342303
3175,3633,초등학교,함월초등학교,,본교,기존(원)교,공립,,052-297-1221,052-281-2660,http://www.hamwol.es.kr/,울산광역시 중구 복산동 504번지 함월초등학교,울산광역시,중구,,복산1동,복산동,,0,504.0,,함월초등학교,3111010300,3111054000.0,"울산광역시 중구 학성1길 25, (복산동,함월초등학교)",학성1길,25.0,0.0,44517.0,1165803.073,1730744.111,129.3294111,35.55884306,411210.7988,331593.7519,"{'lat': 35.5590766, 'lng': 129.3299819}",35.5590766,129.3299819
3176,3634,초등학교,강남초등학교,,본교,기존(원)교,공립,,052-220-6300,052-268-1814,http://www.kangnam.es.kr,울산광역시 남구 달동 633-9번지 강남초등학교,울산광역시,남구,,달동,달동,,0,633.0,9.0,강남초등학교,3114010500,3114056000.0,"울산광역시 남구 중앙로166번길 51, (달동,강남초등학교)",중앙로166번길,51.0,0.0,44692.0,1164926.533,1728353.979,129.3192573,35.53744938,410345.8797,329197.7384,"{'lat': 35.53790559999999, 'lng': 129.3189699}",35.53790559999999,129.3189699
3177,3635,초등학교,개운초등학교,,본교,기존(원)교,공립,,052-240-9900,052-257-1784,http://www.gaeun-us.es.kr/,울산광역시 남구 선암동 559-11번지 개운초등학교,울산광역시,남구,,선암동,선암동,,0,559.0,11.0,개운초등학교,3114010900,3114064000.0,"울산광역시 남구 두왕로106번길 28-6, (선암동,개운초등학교)",두왕로106번길,28.0,6.0,44774.0,1164264.232,1725692.139,129.3114156,35.51357049,409696.7013,326530.9467,"{'lat': 35.5133251, 'lng': 129.3119713}",35.5133251,129.3119713
3178,3636,초등학교,격동초등학교,,본교,기존(원)교,공립,,052-227-5706,052-227-5708,http://uskd.es.kr,울산광역시 남구 옥동 259번지 격동초등학교,울산광역시,남구,,옥동,옥동,,0,259.0,,격동초등학교,3114010200,3114060000.0,"울산광역시 남구 문수로344번길 4, (옥동,격동초등학교)",문수로344번길,4.0,0.0,44662.0,1162360.151,1727944.202,129.2908786,35.53418006,407780.0506,328774.6815,"{'lat': 35.5337874, 'lng': 129.290076}",35.5337874,129.290076
3179,3637,초등학교,남산초등학교,,본교,기존(원)교,공립,,052-267-2267,052-267-0660,http://uns.es.kr,울산광역시 남구 옥동 1396번지 남산초등학교,울산광역시,남구,,옥동,옥동,,0,1396.0,,남산초등학교,3114010200,3114060000.0,"울산광역시 남구 거마로 17, (옥동,남산초등학교)",거마로,17.0,0.0,44648.0,1162810.194,1728145.25,129.2958809,35.53591813,408229.3402,328978.1342,"{'lat': 35.5370442, 'lng': 129.2958888}",35.5370442,129.2958888
3180,3638,초등학교,대현초등학교,,본교,기존(원)교,공립,,052-220-1572,052-220-1578,http://daehyun.es.kr,울산광역시 남구 야음동 687-2번지 대현초등학교,울산광역시,남구,,대현동,야음동,,0,687.0,2.0,대현초등학교,3114010800,3114062500.0,"울산광역시 남구 수암로 165-3, (야음동,대현초등학교)",수암로,165.0,3.0,44736.0,1165474.27,1727241.9,129.3250694,35.52733598,410899.5925,328087.777,"{'lat': 35.5279302, 'lng': 129.3250222}",35.5279302,129.3250222
3181,3639,초등학교,도산초등학교,,본교,기존(원)교,공립,,052-210-1500,052-271-2392,http://i-ds.es.kr,울산광역시 남구 야음동 540번지 도산초등학교,울산광역시,남구,,대현동,야음동,,0,540.0,,도산초등학교,3114010800,3114062500.0,"울산광역시 남구 번영로54번길 25, (야음동,도산초등학교)",번영로54번길,25.0,0.0,44758.0,1166230.9,1727545.049,129.3334729,35.52994142,411655.1348,328394.9497,"{'lat': 35.5307401, 'lng': 129.3334688}",35.5307401,129.3334688
3182,3640,초등학교,동백초등학교,,본교,기존(원)교,공립,,052-227-6438,052-227-6215,http://usdb.es.kr,울산광역시 남구 달동 194-1번지 동백초등학교,울산광역시,남구,,달동,달동,,0,194.0,1.0,동백초등학교,3114010500,3114056000.0,"울산광역시 남구 신정로 6, (달동,동백초등학교)",신정로,6.0,0.0,44725.0,1165303.14,1727806.963,129.3232981,35.53245691,410725.49,328652.3086,"{'lat': 35.5331007, 'lng': 129.3237752}",35.5331007,129.3237752
3183,3641,초등학교,동평초등학교,,본교,기존(원)교,공립,,052-261-2371,052-261-2372,http://www.dp.es.kr,울산광역시 남구 달동 119-9번지 동평초등학교,울산광역시,남구,,달동,달동,,0,119.0,9.0,동평초등학교,3114010500,3114056000.0,"울산광역시 남구 도산로77번길 13-14, (달동,동평초등학교)",도산로77번길,13.0,14.0,44725.0,1165433.162,1727850.392,129.3247404,35.5328266,410855.3693,328696.4234,"{'lat': 35.5328508, 'lng': 129.3254417}",35.5328508,129.3254417
3184,3642,초등학교,백합초등학교,,본교,기존(원)교,공립,,052-228-7974,052-228-7908,http://www.paekhap.es.kr,울산광역시 남구 삼산동 1533번지 백합초등학교,울산광역시,남구,,삼산동,삼산동,,0,1533.0,,백합초등학교,3114010600,3114057000.0,"울산광역시 남구 돋질로339번길 16, (삼산동,백합초등학교)",돋질로339번길,16.0,0.0,44709.0,1167000.666,1729275.077,129.3423158,35.54540302,412416.5736,330129.9243,"{'lat': 35.5457711, 'lng': 129.3431025}",35.5457711,129.3431025
3185,3643,초등학교,삼산초등학교,,본교,기존(원)교,공립,,052-260-4782,052-260-4764,http://www.samsan.es.kr,울산광역시 남구 삼산동 176-12번지 19,울산광역시,남구,,삼산동,삼산동,,0,176.0,12.0,,3114010600,3114057000.0,"울산광역시 남구 남중로 108, (삼산동)",남중로,108.0,0.0,44711.0,1167553.045,1729130.633,129.3483769,35.54400806,412970.018,329988.1997,"{'lat': 35.5437722, 'lng': 129.3505621}",35.5437722,129.3505621
3186,3644,초등학교,삼신초등학교,,본교,기존(원)교,공립,,052-257-0439,052-268-1231,http://www.samshin.es.kr,울산광역시 남구 달동 1322-9번지 영유아플라자 25,울산광역시,남구,,삼산동,달동,,0,1322.0,9.0,영유아플라자,3114010500,3114057000.0,"울산광역시 남구 돋질로 251, (달동,영유아플라자)",돋질로,251.0,0.0,44701.0,1166098.573,1729058.669,129.3323243,35.54360436,411515.0404,329908.803,"{'lat': 35.5436435, 'lng': 129.3323749}",35.5436435,129.3323749
3187,3645,초등학교,삼호초등학교,,본교,기존(원)교,공립,,052-277-1211,052-247-7140,http://www.samho.es.kr,울산광역시 남구 무거동 292-5번지 삼호초등학교,울산광역시,남구,,삼호동,무거동,,0,292.0,5.0,삼호초등학교,3114010100,3114058500.0,"울산광역시 남구 북부순환도로19번길 8, (무거동,삼호초등학교)",북부순환도로19번길,8.0,0.0,44629.0,1160004.813,1729889.159,129.2652939,35.5520916,405413.4354,330708.8249,"{'lat': 35.5524862, 'lng': 129.2650023}",35.5524862,129.2650023
3188,3646,초등학교,선암초등학교,,본교,기존(원)교,공립,,052-272-7576,052-275-1160,http://sun-am.es.kr/,울산광역시 남구 선암동 180번지 선암초등학교,울산광역시,남구,,선암동,선암동,,0,180.0,,선암초등학교,3114010900,3114064000.0,"울산광역시 남구 산업로325번길 4, (선암동,선암초등학교)",산업로325번길,4.0,0.0,44771.0,1166708.348,1725745.451,129.3383666,35.51364327,412142.0075,326596.699,"{'lat': 35.5145476, 'lng': 129.337691}",35.5145476,129.337691
3189,3647,초등학교,수암초등학교,,본교,기존(원)교,공립,,052-271-7948,052-271-7949,http://ulsan-suam.es.kr,울산광역시 남구 신정동 951-8번지 수암초등학교,울산광역시,남구,,신정4동,신정동,,0,951.0,8.0,수암초등학교,3114010400,3114054000.0,"울산광역시 남구 중앙로 47, (신정동,수암초등학교)",중앙로,47.0,0.0,44743.0,1164795.334,1727053.311,129.3175463,35.52574946,410221.2086,327895.6277,"{'lat': 35.5257959, 'lng': 129.3170538}",35.5257959,129.3170538
3190,3648,초등학교,신복초등학교,,본교,기존(원)교,공립,,052-222-6274,052-222-6273,http://sinbok.es.kr,울산광역시 남구 무거동 810번지 신복초등학교,울산광역시,남구,,무거동,무거동,,0,810.0,,신복초등학교,3114010100,3114059500.0,"울산광역시 남구 신복로 74, (무거동,신복초등학교)",신복로,74.0,0.0,44605.0,1159041.393,1729591.767,129.2546108,35.54956652,404450.9576,330406.3624,"{'lat': 35.5498885, 'lng': 129.2539976}",35.5498885,129.2539976
3191,3649,초등학교,신정초등학교,,본교,기존(원)교,공립,,052-257-8148,052-257-8328,http://usj.es.kr,울산광역시 남구 신정동 1245번지 신정초등학교,울산광역시,남구,,신정1동,신정동,,0,1245.0,,신정초등학교,3114010400,3114051000.0,"울산광역시 남구 봉월로67번길 16, (신정동,신정초등학교)",봉월로67번길,16.0,0.0,44650.0,1163518.514,1728451.527,129.3037524,35.53856176,408936.5254,329288.1918,"{'lat': 35.5390996, 'lng': 129.3031658}",35.5390996,129.3031658
3192,3650,초등학교,야음초등학교,,본교,기존(원)교,공립,,052-265-4988,052-269-2051,http://yaum.es.kr/,울산광역시 남구 야음동 865-4번지 야음초등학교,울산광역시,남구,,대현동,야음동,,0,865.0,4.0,야음초등학교,3114010800,3114062500.0,"울산광역시 남구 산업로355번길 111, (야음동,야음초등학교)",산업로355번길,111.0,0.0,44772.0,1165959.674,1726542.324,129.3302775,35.52095025,411388.8395,327390.2473,"{'lat': 35.5212689, 'lng': 129.3295527}",35.5212689,129.3295527
3193,3651,초등학교,여천초등학교,,본교,기존(원)교,공립,,052-269-2052,052-275-7319,http://uyc.es.kr,울산광역시 남구 야음동 256번지 여천초등학교,울산광역시,남구,,야음장생포동,야음동,,0,256.0,,여천초등학교,3114010800,3114067000.0,"울산광역시 남구 여천로 31, (야음동,여천초등학교)",여천로,31.0,0.0,44761.0,1166589.007,1726903.901,129.3372891,35.52410329,412016.7132,327755.2364,"{'lat': 35.5248519, 'lng': 129.3367742}",35.5248519,129.3367742
3194,3652,초등학교,옥동초등학교,,본교,기존(원)교,공립,,052-269-0915,052-267-0387,http://okdong.es.kr/,울산광역시 남구 옥동 157-3번지 옥동초등학교,울산광역시,남구,,옥동,옥동,,0,157.0,3.0,옥동초등학교,3114010200,3114060000.0,"울산광역시 남구 문수로 401, (옥동,옥동초등학교)",문수로,401.0,0.0,44653.0,1162953.31,1727960.725,129.2974218,35.53423164,408373.478,328794.2265,"{'lat': 35.5345369, 'lng': 129.2968776}",35.5345369,129.2968776
3195,3653,초등학교,옥산초등학교,,본교,기존(원)교,공립,,052-223-5166,052-223-5175,http://www.us-oksan.es.kr,울산광역시 남구 무거동 480번지 옥산초등학교,울산광역시,남구,,무거동,무거동,,0,480.0,,옥산초등학교,3114010100,3114059500.0,"울산광역시 남구 옥현로60번길 7, (무거동,옥산초등학교)",옥현로60번길,7.0,0.0,44614.0,1159783.958,1728705.295,129.2626247,35.54145785,405198.4653,329523.1387,"{'lat': 35.542348, 'lng': 129.262614}",35.542348,129.262614
3196,3654,초등학교,옥서초등학교,,본교,기존(원)교,공립,,052-266-9663,052-266-9665,http://www.okseo.es.kr/,울산광역시 남구 옥동 638번지 옥서초등학교,울산광역시,남구,,옥동,옥동,,0,638.0,,옥서초등학교,3114010200,3114060000.0,"울산광역시 남구 법대로14번길 19, (옥동,옥서초등학교)",법대로14번길,19.0,0.0,44643.0,1161873.224,1728290.156,129.2855791,35.5373775,407291.0773,329118.3671,"{'lat': 35.5381741, 'lng': 129.2855615}",35.5381741,129.2855615
3197,3655,초등학교,옥현초등학교,,본교,기존(원)교,공립,,052-247-8744,052-247-8746,http://www.okhyen.or.kr,울산광역시 남구 무거동 1218번지 옥현초등학교,울산광역시,남구,,삼호동,무거동,,0,1218.0,,옥현초등학교,3114010100,3114058500.0,"울산광역시 남구 눌재로 21, (무거동,옥현초등학교)",눌재로,21.0,0.0,44627.0,1161207.784,1729672.471,129.2785171,35.54994374,406618.22,330498.1216,"{'lat': 35.549709, 'lng': 129.2777234}",35.549709,129.2777234
3198,3656,초등학교,용연초등학교,,본교,기존(원)교,공립,,052-256-8681,052-256-8683,http://www.yong-yeon.es.kr,울산광역시 남구 야음동 789-11번지 야음교육단지,울산광역시,남구,,대현동,야음동,,0,789.0,11.0,야음교육단지,3114010800,3114062500.0,"울산광역시 남구 수암로 164, (야음동,야음교육단지)",수암로,164.0,0.0,44751.0,1165440.866,1727128.392,129.324678,35.52631861,410866.7453,327974.0311,"{'lat': 35.5254406, 'lng': 129.3248625}",35.5254406,129.3248625
3199,3658,초등학교,울산중앙초등학교,,본교,기존(원)교,공립,,052-268-2650,052-273-9765,http://www.ulsan-jungang.es.kr,울산광역시 남구 신정동 586-13번지 번길34,울산광역시,남구,,신정3동,신정동,,0,586.0,13.0,,3114010400,3114053000.0,"울산광역시 남구 돋질로 91, (신정동)",돋질로,91.0,0.0,44690.0,1164593.418,1728521.962,129.3156186,35.53901862,410011.7123,329364.1287,"{'lat': 35.5390628, 'lng': 129.3154769}",35.5390628,129.3154769
3200,3659,초등학교,월계초등학교,,본교,기존(원)교,공립,,052-221-6086,052-221-6090,http://uswg.es.kr/,울산광역시 남구 무거동 488-11번지 월계초등학교,울산광역시,남구,,무거동,무거동,,0,488.0,11.0,월계초등학교,3114010100,3114059500.0,"울산광역시 남구 옥현로 12, (무거동,월계초등학교)",옥현로,12.0,0.0,44615.0,1159388.468,1728417.697,129.2582072,35.5389296,404804.2017,329233.3624,"{'lat': 35.538395, 'lng': 129.2582145}",35.538395,129.2582145
3201,3660,초등학교,월봉초등학교,,본교,기존(원)교,공립,,052-227-4954,052-268-0266,http://www.wolbong.es.kr,울산광역시 남구 신정동 255-12번지 10,울산광역시,남구,,신정5동,신정동,,0,255.0,12.0,,3114010400,3114055000.0,"울산광역시 남구 팔등로 115, (신정동)",팔등로,115.0,0.0,44681.0,1164864.483,1729417.812,129.3187897,35.54704704,410278.3878,330261.8905,"{'lat': 35.5469992, 'lng': 129.3187419}",35.5469992,129.3187419
3202,3661,초등학교,월평초등학교,,본교,기존(원)교,공립,,052-275-9422,052-268-4291,http://www.wp.es.kr,울산광역시 남구 신정동 791-9번지 월평초등학교 월평체육관,울산광역시,남구,,신정4동,신정동,,0,791.0,9.0,월평초등학교,3114010400,3114054000.0,"울산광역시 남구 신남로95번길 15, (신정동,월평초등학교)",신남로95번길,15.0,0.0,44742.0,1164232.52,1727493.501,129.3114309,35.52980987,409655.823,328333.2211,"{'lat': 35.529462, 'lng': 129.3121097}",35.529462,129.3121097
3203,3662,초등학교,장생포초등학교,,본교,기존(원)교,공립,,052-268-8882,052-265-5304,http://jsp.es.kr,울산광역시 남구 장생포동 329-1번지 장생포초등학교,울산광역시,남구,,야음장생포동,장생포동,,0,329.0,1.0,장생포초등학교,3114011800,3114067000.0,"울산광역시 남구 장생포고래로125번길 5, (장생포동,장생포초등학교)",장생포고래로125번길,5.0,0.0,44780.0,1169487.106,1724575.249,129.3687503,35.50262677,414928.3746,325439.9002,"{'lat': 35.5037161, 'lng': 129.3682163}",35.5037161,129.3682163
3204,3663,초등학교,청솔초등학교,,본교,기존(원)교,공립,,052-708-8090,052-780-8098,http://cheongsol.es.kr,울산광역시 남구 달동 813번지 청솔초등학교,울산광역시,남구,,달동,달동,,0,813.0,,청솔초등학교,3114010500,3114056000.0,"울산광역시 남구 삼산로94번길 20, (달동,청솔초등학교)",삼산로94번길,20.0,0.0,44722.0,1164869.264,1727865.985,129.3185266,35.53306107,410291.0551,328709.1622,"{'lat': 35.5331191, 'lng': 129.3176746}",35.5331191,129.3176746
3205,3664,초등학교,남목초등학교,,본교,기존(원)교,공립,,052-235-7952,052-235-3604,http://nammok.es.kr/,울산광역시 동구 서부동 370번지 남목초등학교,울산광역시,동구,,남목1동,서부동,,0,370.0,,남목초등학교,3117010800,3117058000.0,"울산광역시 동구 옥류로 33, (서부동,남목초등학교)",옥류로,33.0,0.0,44008.0,1174586.189,1729000.696,129.4258972,35.54162315,420008.0688,329893.9186,"{'lat': 35.5422982, 'lng': 129.4250662}",35.5422982,129.4250662
3206,3665,초등학교,녹수초등학교,,본교,기존(원)교,공립,,052-235-6615,052-252-4544,http://noksu.es.kr,울산광역시 동구 서부동 257-10번지 녹수초등학교,울산광역시,동구,,남목2동,서부동,,0,257.0,10.0,녹수초등학교,3117010800,3117059000.0,"울산광역시 동구 봉수로 545, (서부동,녹수초등학교)",봉수로,545.0,0.0,44018.0,1174874.357,1727820.46,129.4288198,35.53093663,420302.408,328714.429,"{'lat': 35.5308807, 'lng': 129.4285988}",35.5308807,129.4285988
3207,3666,초등학교,동부초등학교,,본교,기존(원)교,공립,,052-252-0775,052-236-4882,http://usdongbu.es.kr/,울산광역시 동구 동부동 676번지 동부초등학교,울산광역시,동구,,남목3동,동부동,,0,676.0,,동부초등학교,3117010700,3117060000.0,"울산광역시 동구 남목13길 23, (동부동,동부초등학교)",남목13길,23.0,0.0,44004.0,1174822.675,1729338.039,129.4285774,35.54462143,420242.985,330232.6682,"{'lat': 35.545379, 'lng': 129.4278762}",35.545379,129.4278762
3208,3667,초등학교,명덕초등학교,,본교,기존(원)교,공립,,052-252-0124,052-235-2990,http://myeongdeok-us.es.kr,울산광역시 동구 일산동 433번지 명덕초등학교,울산광역시,동구,,일산동,일산동,,0,433.0,,명덕초등학교,3117010300,3117052000.0,"울산광역시 동구 진성14길 15, (일산동,명덕초등학교)",진성14길,15.0,0.0,44054.0,1174597.021,1724988.266,129.4251526,35.50546301,420039.2853,325879.1044,"{'lat': 35.506073, 'lng': 129.4244675}",35.506073,129.4244675
3209,3668,초등학교,문현초등학교,,본교,기존(원)교,공립,,052-233-9844,052-233-9858,http://www.munhyeon.es.kr/,울산광역시 동구 방어동 999번지 문현초등학교,울산광역시,동구,,방어동,방어동,,0,999.0,,문현초등학교,3117010100,3117051000.0,"울산광역시 동구 꽃바위6길 25, (방어동,문현초등학교)",꽃바위6길,25.0,0.0,44104.0,1173666.347,1722201.907,129.4143,35.48051659,419122.1861,323086.3306,"{'lat': 35.4809697, 'lng': 129.4139626}",35.4809697,129.4139626
3210,3669,초등학교,미포초등학교,,본교,기존(원)교,공립,,052-235-6153,052-235-4844,http://www.mipo.es.kr,울산광역시 동구 일산동 438번지 미포초등학교,울산광역시,동구,,일산동,일산동,,0,438.0,,미포초등학교,3117010300,3117052000.0,"울산광역시 동구 진성15길 35, (일산동,미포초등학교)",진성15길,35.0,0.0,44054.0,1174340.07,1725080.81,129.4223407,35.50634215,419781.7079,325970.4008,"{'lat': 35.5063648, 'lng': 129.4218565}",35.5063648,129.4218565
3211,3670,초등학교,방어진초등학교,,본교,기존(원)교,공립,,052-251-2052,052-235-4513,http://www.bangeojin.es.kr,"울산광역시 동구 방어동 146번지 방어진초등학교,방어진초등학교병설유치원",울산광역시,동구,,방어동,방어동,,0,146.0,,"방어진초등학교,방어진초등학교병설유치원",3117010100,3117051000.0,"울산광역시 동구 꽃바위로 341, (방어동,방어진초등학교,방어진초등학교병설유치원)",꽃바위로,341.0,0.0,44097.0,1174623.273,1722939.749,129.4250014,35.48699798,420075.9493,323829.4749,"{'lat': 35.4875802, 'lng': 129.4246559}",35.4875802,129.4246559
3212,3671,초등학교,상진초등학교,,본교,기존(원)교,공립,,052-234-7012,052-235-9314,http://www.sangjin.es.kr,울산광역시 동구 화정동 894번지 상진초등학교,울산광역시,동구,,화정동,화정동,,0,894.0,,상진초등학교,3117010200,3117053000.0,"울산광역시 동구 봉수로 50, (화정동,상진초등학교)",봉수로,50.0,0.0,44085.0,1173947.363,1723480.783,129.4176699,35.49199221,419396.8837,324367.4088,"{'lat': 35.4918851, 'lng': 129.4182121}",35.4918851,129.4182121
3213,3672,초등학교,서부초등학교,,본교,기존(원)교,공립,,052-235-3964,052-236-5895,http://www.seoboo.es.kr,울산광역시 동구 서부동 238-13번지 서부초등학교,울산광역시,동구,,남목2동,서부동,,0,238.0,13.0,서부초등학교,3117010800,3117059000.0,"울산광역시 동구 봉수로 457, (서부동,서부초등학교)",봉수로,457.0,0.0,44018.0,1174460.46,1727225.842,129.4241289,35.52565111,419891.2794,328117.3472,"{'lat': 35.5264645, 'lng': 129.4232383}",35.5264645,129.4232383
3214,3673,초등학교,양지초등학교,,본교,기존(원)교,공립,,052-252-9411,052-252-9644,http://usyj.es.kr,울산광역시 동구 화정동 853번지 양지초등학교,울산광역시,동구,,화정동,화정동,,0,853.0,,양지초등학교,3117010200,3117053000.0,"울산광역시 동구 양지6길 33, (화정동,양지초등학교)",양지6길,33.0,0.0,44074.0,1174294.734,1724061.72,129.4216223,35.49716648,419741.5175,324950.4615,"{'lat': 35.4969402, 'lng': 129.4211282}",35.4969402,129.4211282
3215,3674,초등학교,일산초등학교,,본교,기존(원)교,공립,,070-4742-8899,052-252-5948,http://is.es.kr/,울산광역시 동구 일산동 452번지 일산초등학교,울산광역시,동구,,일산동,일산동,,0,452.0,,일산초등학교,3117010300,3117052000.0,"울산광역시 동구 진성12길 11, (일산동,일산초등학교)",진성12길,11.0,0.0,44052.0,1174711.344,1724944.796,129.4264032,35.50505116,420153.8981,325836.1888,"{'lat': 35.5054115, 'lng': 129.425822}",35.5054115,129.425822
3216,3675,초등학교,전하초등학교,,본교,기존(원)교,공립,,052-230-7171,052-235-5242,http://www.jeonha.es.kr,울산광역시 동구 전하동 549-5번지 전하초등학교,울산광역시,동구,,전하1동,전하동,,0,549.0,5.0,전하초등학교,3117010400,3117055000.0,"울산광역시 동구 바드래길 55, (전하동,전하초등학교)",바드래길,55.0,0.0,44038.0,1174906.22,1726095.985,129.428799,35.51539084,420343.0478,326989.0668,"{'lat': 35.5154659, 'lng': 129.4277937}",35.5154659,129.4277937
3217,3676,초등학교,주전초등학교,,본교,기존(원)교,공립,,052-252-1767,052-252-9293,http://www.choojun.es.kr,울산광역시 동구 주전동 277번지 주전초등학교 (주전동),울산광역시,동구,,남목3동,주전동,,0,277.0,,주전초등학교,3117010600,3117060000.0,"울산광역시 동구 동해안로 575, (주전동,주전초등학교)",동해안로,575.0,0.0,44013.0,1177366.24,1730871.078,129.4569584,35.55798423,422780.3085,331779.5682,"{'lat': 35.5577392, 'lng': 129.4569009}",35.5577392,129.4569009
3218,3677,초등학교,화암초등학교,,본교,기존(원)교,공립,,052-201-9516,052-201-9517,http://hwaam.es.kr,울산광역시 동구 방어동 1150번지 화암초등학교,울산광역시,동구,,방어동,방어동,,0,1150.0,,화암초등학교,3117010100,3117051000.0,"울산광역시 동구 화문로 55, (방어동,화암초등학교)",화문로,55.0,0.0,44098.0,1173753.06,1722574.055,129.4153349,35.4838551,419207.0635,323459.1435,"{'lat': 35.4840805, 'lng': 129.4156568}",35.4840805,129.4156568
3219,3678,초등학교,화정초등학교,,본교,기존(원)교,공립,,052-233-4401,052-251-7685,http://www.us-hwajung.es.kr,울산광역시 동구 화정동 153번지 화정초등학교,울산광역시,동구,,대송동,화정동,,0,153.0,,화정초등학교,3117010200,3117054000.0,"울산광역시 동구 대송9길 55, (화정동,화정초등학교)",대송9길,55.0,0.0,44062.0,1174268.992,1724562.336,129.4214461,35.50168235,419713.2183,325451.2507,"{'lat': 35.5019895, 'lng': 129.4206975}",35.5019895,129.4206975
3220,3679,초등학교,화진초등학교,,본교,기존(원)교,공립,,052-235-7491,052-251-5905,http://hwajin-us.es.kr,울산광역시 동구 방어동 75번지 화진초등학교,울산광역시,동구,,방어동,방어동,,0,75.0,,화진초등학교,3117010100,3117051000.0,"울산광역시 동구 방어진순환도로 543, (방어동,화진초등학교)",방어진순환도로,543.0,0.0,44090.0,1174629.864,1723332.792,129.4251585,35.49053877,420080.5505,324222.7908,"{'lat': 35.4914409, 'lng': 129.4254891}",35.4914409,129.4254891
3221,3680,초등학교,강동초등학교,,본교,기존(원)교,공립,,052-295-9939,052-295-4782,http://kang-dong.es.kr,울산광역시 북구 산하동  산 98-7번지 강동초등학교,울산광역시,북구,,강동동,산하동,,1,98.0,7.0,강동초등학교,3120011800,3120054000.0,"울산광역시 북구 화암4길 5, (산하동,강동초등학교)",화암4길,5.0,0.0,44264.0,1175262.009,1738864.299,129.4354872,35.63038887,420634.1304,339766.9558,"{'lat': 35.631299, 'lng': 129.435107}",35.631299,129.435107
3222,3681,초등학교,농서초등학교,,본교,기존(원)교,공립,,070-782-9190,052-295-1908,http://www.nongseo.es.kr,울산광역시 북구 달천동 1-19번지 농서초등학교,울산광역시,북구,,농소3동,달천동,,0,1.0,19.0,농서초등학교,3120010900,3120053000.0,"울산광역시 북구 가재길 57, (달천동,농서초등학교)",가재길,57.0,0.0,44205.0,1165754.576,1738834.214,129.330536,35.63175872,411121.1183,339688.4441,"{'lat': 35.6314781, 'lng': 129.330494}",35.6314781,129.330494
3223,3682,초등학교,농소초등학교,,본교,기존(원)교,공립,,052-295-4012,052-295-5171,http://www.nongso.es.kr,울산광역시 북구 호계동 858-1번지 농소초등학교,울산광역시,북구,,농소1동,호계동,,0,858.0,1.0,농소초등학교,3120010200,3120051000.0,"울산광역시 북구 호계로 192, (호계동,농소초등학교)",호계로,192.0,0.0,44229.0,1168072.593,1737738.255,129.3558951,35.62149054,413446.1031,338603.6298,"{'lat': 35.622063, 'lng': 129.356464}",35.622063,129.356464
3224,3683,초등학교,동대초등학교,,본교,기존(원)교,공립,,052-963-5001,052-297-7774,http://동대초등학교.한국/,울산광역시 북구 신천동 125번지 동대초등학교,울산광역시,북구,,농소2동,신천동,,0,125.0,,동대초등학교,3120010500,3120052000.0,"울산광역시 북구 신천로 36, (신천동,동대초등학교)",신천로,36.0,0.0,44220.0,1167420.675,1739916.292,129.349152,35.6412292,412782.7048,340779.6532,"{'lat': 35.6410884, 'lng': 129.3496308}",35.6410884,129.3496308
3225,3684,초등학교,동천초등학교,,본교,기존(원)교,공립,,052-286-2711,052-286-4204,http://dongchun-us.es.kr,울산광역시 북구 천곡동 381-4번지 동천초등학교,울산광역시,북구,,농소3동,천곡동,,0,381.0,4.0,동천초등학교,3120010800,3120053000.0,"울산광역시 북구 고래로 26, (천곡동,동천초등학교)",고래로,26.0,0.0,44203.0,1166755.154,1738819.239,129.3415779,35.63145537,412122.3719,339678.554,"{'lat': 35.631812, 'lng': 129.341243}",35.631812,129.341243
3226,3685,초등학교,매곡초등학교,,본교,기존(원)교,공립,,052-710-4474,052-282-5068,http://www.umg.es.kr,울산광역시 북구 매곡동 497번지 매곡초등학교,울산광역시,북구,,농소2동,매곡동,,0,497.0,,매곡초등학교,3120010300,3120052000.0,"울산광역시 북구 매곡1로 49, (매곡동,매곡초등학교)",매곡1로,49.0,0.0,44218.0,1167540.731,1740294.656,129.350556,35.64461858,412900.9053,341158.8562,"{'lat': 35.6442115, 'lng': 129.3501613}",35.6442115,129.3501613
3227,3686,초등학교,매산초등학교,,본교,기존(원)교,공립,,052-291-9032,052-291-9041,http://www.u-maesan.es.kr,울산광역시 북구 매곡동 334번지 매산초등학교,울산광역시,북구,,농소1동,매곡동,,0,334.0,,매산초등학교,3120010300,3120051000.0,"울산광역시 북구 매산로 53, (매곡동,매산초등학교)",매산로,53.0,0.0,44223.0,1168425.197,1740193.887,129.3602997,35.64356,413786.4153,341062.5314,"{'lat': 35.6442549, 'lng': 129.3605463}",35.6442549,129.3605463
3228,3687,초등학교,명촌초등학교,,본교,기존(원)교,공립,,052-289-9582,052-289-9584,http://myeongchon.es.kr,울산광역시 북구 명촌동 887-1번지 명촌초등학교,울산광역시,북구,,효문동,명촌동,,0,887.0,1.0,명촌초등학교,3120012000,3120056000.0,"울산광역시 북구 명촌10길 11, (명촌동,명촌초등학교)",명촌10길,11.0,0.0,44254.0,1168251.491,1730096.79,129.356279,35.55259662,413663.9745,330958.4862,"{'lat': 35.5530156, 'lng': 129.3569382}",35.5530156,129.3569382
3229,3688,초등학교,상안초등학교,,본교,기존(원)교,공립,,052-285-5088,052-285-5089,http://www.sangan.es.kr,울산광역시 북구 천곡동 434-1번지 상안초등학교,울산광역시,북구,,농소3동,천곡동,,0,434.0,1.0,상안초등학교,3120010800,3120053000.0,"울산광역시 북구 천곡남로 59, (천곡동,상안초등학교)",천곡남로,59.0,0.0,44202.0,1166132.206,1739101.77,129.3347596,35.63410646,411497.6121,339958.0828,"{'lat': 35.6341167, 'lng': 129.334188}",35.6341167,129.334188
3230,3689,초등학교,송정초등학교,,본교,기존(원)교,공립,,052-288-4624,052-289-5143,http://songjung-us.es.kr,울산광역시 북구 화봉동 427번지 송정초등학교,울산광역시,북구,,송정동,화봉동,,0,427.0,,송정초등학교,3120012500,3120057000.0,"울산광역시 북구 상방로 75, (화봉동,송정초등학교)",상방로,75.0,0.0,44240.0,1169077.331,1734367.542,129.3662786,35.59094316,414468.5966,335236.0034,"{'lat': 35.5914557, 'lng': 129.3657973}",35.5914557,129.3657973
3231,3690,초등학교,신천초등학교,,본교,기존(원)교,공립,,052-291-0953,052-291-0959,http://www.us-sincheon.es.kr,울산광역시 북구 신천동 316-4번지 신천초등학교,울산광역시,북구,,농소2동,신천동,,0,316.0,4.0,신천초등학교,3120010500,3120052000.0,"울산광역시 북구 호계로 349-7, (신천동,신천초등학교)",호계로,349.0,7.0,44221.0,1167306.823,1739091.821,129.347724,35.63381855,412672.9826,339954.109,"{'lat': 35.6337003, 'lng': 129.3474368}",35.6337003,129.3474368
3232,3691,초등학교,약수초등학교,,본교,기존(원)교,공립,,052-282-1291,052-295-7790,http://yaksu-us.es.kr,울산광역시 북구 중산동 1006번지 약수초등학교,울산광역시,북구,,농소2동,중산동,,0,1006.0,,약수초등학교,3120010600,3120052000.0,"울산광역시 북구 약수8길 50, (중산동,약수초등학교)",약수8길,50.0,0.0,44217.0,1166690.392,1740615.696,129.3412344,35.64765564,412048.4221,341475.7571,"{'lat': 35.6477263, 'lng': 129.3419091}",35.6477263,129.3419091
3233,3692,초등학교,연암초등학교,,본교,기존(원)교,공립,,052-288-4246,052-288-4247,http://yeonam.es.kr,울산광역시 북구 연암동 354번지 연암초등학교,울산광역시,북구,,효문동,연암동,,0,354.0,,연암초등학교,3120012200,3120056000.0,"울산광역시 북구 두부곡4길 35, (연암동,연암초등학교)",두부곡4길,35.0,0.0,44244.0,1169309.651,1733790.905,129.368721,35.58570693,414703.9893,334660.2016,"{'lat': 35.5862905, 'lng': 129.3692548}",35.5862905,129.3692548
3234,3693,초등학교,연암초등학교 효문분교,,분교장,기존(원)교,공립,,052-288-5605,052-287-8551,http://www.hyomun.es.kr,울산광역시 북구 효문동 767번지 효문초등학교,울산광역시,북구,,효문동,효문동,,0,767.0,,효문초등학교,3120012300,3120056000.0,"울산광역시 북구 송도길 84, (효문동,효문초등학교)",송도길,84.0,0.0,44252.0,1169370.775,1731613.416,129.3689393,35.56607343,414776.2221,332481.7129,"{'lat': 35.5669588, 'lng': 129.3686868}",35.5669588,129.3686868
3235,3694,초등학교,염포초등학교,,본교,기존(원)교,공립,,052-288-1510,052-288-1816,http://www.ympo.es.kr,울산광역시 북구 염포동 179번지 염포초등학교,울산광역시,북구,,염포동,염포동,,0,179.0,,염포초등학교,3120012700,3120059000.0,"울산광역시 북구 염포로 667, (염포동,염포초등학교)",염포로,667.0,0.0,44260.0,1171438.554,1727986.758,129.3909775,35.53303527,416863.6772,328863.3753,"{'lat': 35.5335476, 'lng': 129.3916186}",35.5335476,129.3916186
3236,3695,초등학교,울산양정초등학교,,본교,기존(원)교,공립,,052-289-2977,052-287-4349,http://uyj.es.kr,울산광역시 북구 양정동 470번지 양정초등학교,울산광역시,북구,,양정동,양정동,,0,470.0,,양정초등학교,3120012400,3120058000.0,"울산광역시 북구 양정2길 11, (양정동,양정초등학교)",양정2길,11.0,0.0,44260.0,1170955.223,1729300.797,129.3859262,35.54496051,416373.3794,330175.7525,"{'lat': 35.5454893, 'lng': 129.3862134}",35.5454893,129.3862134
3237,3696,초등학교,이화초등학교,,본교,기존(원)교,공립,,052-281-7451,052-281-7449,http://www.leehwa.es.kr,울산광역시 북구 중산동 710번지 이화초등학교,울산광역시,북구,,농소2동,중산동,,0,710.0,,이화초등학교,3120010600,3120052000.0,"울산광역시 북구 화정4길 40, (중산동,이화초등학교)",화정4길,40.0,0.0,44213.0,1166932.808,1742161.245,129.3442312,35.66154284,412283.1098,343023.4666,"{'lat': 35.661447, 'lng': 129.3442974}",35.661447,129.3442974
3238,3697,초등학교,중산초등학교,,본교,신설(원)교,공립,,052-973-5800,052-973-5870,http://usjs.es.kr/,울산광역시 북구 중산동 156번지,울산광역시,북구,,농소2동,중산동,,0,156.0,,,3120010600,3120052000.0,"울산광역시 북구 신천로 125-28, (중산동)",신천로,125.0,28.0,44215.0,1167672.655,1740859.226,129.35213,35.64968394,413030.0336,341724.4363,"{'lat': 35.6428989, 'lng': 129.3506784}",35.6428989,129.3506784
3239,3698,초등학교,천곡초등학교,,본교,기존(원)교,공립,,052-285-0005,052-285-0850,http://cheongok.es.kr,울산광역시 북구 천곡동 560-1번지 천곡초등학교,울산광역시,북구,,농소3동,천곡동,,0,560.0,1.0,천곡초등학교,3120010800,3120053000.0,"울산광역시 북구 천곡길 138, (천곡동,천곡초등학교)",천곡길,138.0,0.0,44200.0,1165698.392,1739649.196,129.3300833,35.63911266,411060.7516,340503.6268,"{'lat': 35.6396993, 'lng': 129.3304937}",35.6396993,129.3304937
3240,3699,초등학교,호계초등학교,,본교,기존(원)교,공립,,052-255-7400,052-282-6754,http://hogye-us.es.kr,울산광역시 북구 호계동 266번지 호계초등학교,울산광역시,북구,,농소1동,호계동,,0,266.0,,호계초등학교,3120010200,3120051000.0,"울산광역시 북구 동대13길 20, (호계동,호계초등학교)",동대13길,20.0,0.0,44227.0,1168137.364,1738624.954,129.3567948,35.62947023,413506.3994,339491.1901,"{'lat': 35.6300621, 'lng': 129.3566582}",35.6300621,129.3566582
3241,3700,초등학교,화봉초등학교,,본교,기존(원)교,공립,,052-965-3014,052-283-1686,http://www.us-hwabong.es.kr/index.jsp,울산광역시 북구 화봉동 1339번지 화봉초등학교,울산광역시,북구,,송정동,화봉동,,0,1339.0,,화봉초등학교,3120012500,3120057000.0,"울산광역시 북구 화산로 42, (화봉동,화봉초등학교)",화산로,42.0,0.0,44237.0,1169097.934,1734887.293,129.3666147,35.59562351,414486.5681,335756.172,"{'lat': 35.5957608, 'lng': 129.3673249}",35.5957608,129.3673249
3242,3701,초등학교,검단초등학교,,본교,기존(원)교,공립,,052-268-3956,052-266-1836,http://geomdan.es.kr,울산광역시 울주군 웅촌면 검단리 603-3번지 검단초등학교,울산광역시,울주군,,웅촌면,웅촌면,검단리,0,603.0,3.0,검단초등학교,3171034024,3171034000.0,"울산광역시 울주군 웅촌면 은현작동로 58, (검단초등학교)",은현작동로,58.0,0.0,44965.0,1152203.032,1719274.599,129.1772618,35.45765394,397660.945,320048.4357,"{'lat': 35.4577735, 'lng': 129.1778187}",35.4577735,129.1778187
3243,3702,초등학교,구영초등학교,,본교,기존(원)교,공립,,070-760-5000,052-211-8182,http://www.guyeong.es.kr/,울산광역시 울주군 범서읍 구영리 699번지 구영초등학교,울산광역시,울주군,,범서읍,범서읍,구영리,0,699.0,,구영초등학교,3171025927,3171025900.0,"울산광역시 울주군 범서읍 점촌1길 10, (구영초등학교)",점촌1길,10.0,0.0,44924.0,1157613.239,1732550.607,129.2394376,35.57646109,403006.923,333359.688,"{'lat': 35.5769828, 'lng': 129.2388125}",35.5769828,129.2388125
3244,3703,초등학교,굴화초등학교,,본교,기존(원)교,공립,,052-223-3162,052-223-3168,http://www.gulhwa.es.kr,울산광역시 울주군 범서읍 굴화리 52-3번지,울산광역시,울주군,,범서읍,범서읍,굴화리,0,52.0,3.0,,3171025924,3171025900.0,울산광역시 울주군 범서읍 굴화3길 30,굴화3길,30.0,0.0,44933.0,1159649.408,1730060.811,129.2614083,35.55369593,405056.9482,330878.7728,"{'lat': 35.5537621, 'lng': 129.2609064}",35.5537621,129.2609064
3245,3704,초등학교,덕신초등학교,,본교,기존(원)교,공립,,052-238-1294,052-238-1690,http://www.duksin.es.kr,울산광역시 울주군 온산읍 덕신리 612번지,울산광역시,울주군,,온산읍,온산읍,덕신리,0,612.0,,,3171025032,3171025000.0,울산광역시 울주군 온산읍 서영남1길 27,서영남1길,27.0,0.0,45003.0,1163939.989,1717112.309,129.3061109,35.43630067,409415.7817,317944.3555,"{'lat': 35.4373431, 'lng': 129.3057187}",35.4373431,129.3057187
3246,3705,초등학교,두동초등학교,,본교,기존(원)교,공립,,052-262-8892,052-262-8559,http://dudong.es.kr,울산광역시 울주군 두동면 구미리 650-1번지,울산광역시,울주군,,두동면,두동면,구미리,0,650.0,1.0,,3171036022,3171036000.0,울산광역시 울주군 두동면 대밀길 25,대밀길,25.0,0.0,44915.0,1154015.541,1741159.619,129.2013916,35.65461648,399363.3035,341955.4408,"{'lat': 35.6547266, 'lng': 129.2015035}",35.6547266,129.2015035
3247,3706,초등학교,두서초등학교,,본교,기존(원)교,공립,,052-262-6007,052-262-6856,http://duseo.es.kr,울산광역시 울주군 두서면 인보리 459-2번지,울산광역시,울주군,,두서면,두서면,인보리,0,459.0,2.0,,3171037028,3171037000.0,울산광역시 울주군 두서면 노서길 3,노서길,3.0,0.0,44912.0,1150186.96,1739835.083,129.1588669,35.64326887,395539.2387,340610.6352,"{'lat': 35.64306920000001, 'lng': 129.1584411}",35.64306920000001,129.1584411
3248,3707,초등학교,명산초등학교,,본교,기존(원)교,공립,,052-238-5567,052-238-2086,http://mes.es.kr/,울산광역시 울주군 서생면 명산리 495-1번지,울산광역시,울주군,,서생면,서생면,명산리,0,495.0,1.0,,3171031022,3171031000.0,울산광역시 울주군 서생면 화산발리로 60,화산발리로,60.0,0.0,45012.0,1163128.655,1707578.856,129.2952706,35.35051463,408652.2202,308401.1149,"{'lat': 35.3510868, 'lng': 129.2960338}",35.3510868,129.2960338
3249,3708,초등학교,무거초등학교,,본교,기존(원)교,공립,,052-249-8290,052-249-8222,http://muge.es.kr,울산광역시 울주군 범서읍 굴화리 230번지 무거초등학교,울산광역시,울주군,,범서읍,범서읍,굴화리,0,230.0,,무거초등학교,3171025924,3171025900.0,"울산광역시 울주군 범서읍 장검1길 46, (무거초등학교)",장검1길,46.0,0.0,44932.0,1158940.756,1729890.526,129.2535596,35.5522752,404348.7428,330704.7866,"{'lat': 35.5523588, 'lng': 129.2524875}",35.5523588,129.2524875
3250,3709,초등학교,문수초등학교,,본교,기존(원)교,공립,,052-249-9319,052-224-4724,http://munsu-us.es.kr,울산광역시 울주군 청량면 율리 390번지 청량초교문수분교,울산광역시,울주군,,청량면,청량면,율리,0,390.0,,청량초교문수분교,3171033028,3171033000.0,"울산광역시 울주군 청량면 청송길 8, (청량초교문수분교)",청송길,8.0,0.0,44959.0,1157806.681,1726156.128,129.2403255,35.51880035,403232.9668,326962.426,"{'lat': 35.5192031, 'lng': 129.2401345}",35.5192031,129.2401345
3251,3710,초등학교,반곡초등학교,,본교,기존(원)교,공립,,052-264-1649,052-264-6711,http://bangok.kr,울산광역시 울주군 언양읍 반곡리 709번지,울산광역시,울주군,,언양읍,언양읍,반곡리,0,709.0,,,3171025323,3171025300.0,울산광역시 울주군 언양읍 언동3길 42-3,언동3길,42.0,3.0,44935.0,1148619.33,1735313.152,129.1407253,35.6027508,393993.7153,336078.1055,"{'lat': 35.6033055, 'lng': 129.1414205}",35.6033055,129.1414205
3252,3711,초등학교,반천초등학교,,본교,기존(원)교,공립,,052-264-9422,052-264-6693,http://banchon.es.kr,울산광역시 울주군 언양읍 반천리 438번지,울산광역시,울주군,,언양읍,언양읍,반천리,0,438.0,,,3171025322,3171025300.0,울산광역시 울주군 언양읍 샘소3길 19,샘소3길,19.0,0.0,44936.0,1152506.252,1730133.72,129.1826428,35.55547845,397909.2286,330915.4273,"{'lat': 35.5563955, 'lng': 129.1831169}",35.5563955,129.1831169
3253,3712,초등학교,방기초등학교,,본교,기존(원)교,공립,,052-912-2200,055-372-1896,http://bangkee.es.kr,울산광역시 울주군 삼남면 방기리 117번지,울산광역시,울주군,,삼남면,삼남면,방기리,0,117.0,,,3171039024,3171039000.0,울산광역시 울주군 삼남면 하방로 56,하방로,56.0,0.0,44955.0,1144401.804,1724606.556,129.0922712,35.50687588,389828.1593,325343.9095,"{'lat': 35.5070487, 'lng': 129.0931736}",35.5070487,129.0931736
3254,3713,초등학교,범서초등학교,,본교,기존(원)교,공립,,052-211-8044,052-248-9825,http://www.beomseo.es.kr,울산광역시 울주군 범서읍 천상리 346번지 범서초등학교,울산광역시,울주군,,범서읍,범서읍,천상리,0,346.0,,범서초등학교,3171025922,3171025900.0,"울산광역시 울주군 범서읍 천상1길 7, (범서초등학교)",천상1길,7.0,0.0,44927.0,1156807.769,1731164.695,129.2302833,35.56409853,402208.0239,331968.8657,"{'lat': 35.5646327, 'lng': 129.2307508}",35.5646327,129.2307508
3255,3714,초등학교,삼동초등학교,,본교,기존(원)교,공립,,052-264-1175,052-264-3350,http://www.samdong-us.es.kr,울산광역시 울주군 삼동면 하잠리 953-2번지,울산광역시,울주군,,삼동면,삼동면,하잠리,0,953.0,2.0,,3171040026,3171040000.0,울산광역시 울주군 삼동면 삼동로 788,삼동로,788.0,0.0,44956.0,1150395.229,1726597.53,129.1587036,35.52393008,395814.9381,327366.4572,"{'lat': 35.5236929, 'lng': 129.1592665}",35.5236929,129.1592665
3256,3715,초등학교,삼정초등학교,,본교,기존(원)교,공립,,052-277-4256,052-277-4257,http://samjeong.es.kr,울산광역시 울주군 청량면 삼정리 786-2번지,울산광역시,울주군,,청량면,청량면,삼정리,0,786.0,2.0,,3171033027,3171033000.0,울산광역시 울주군 청량면 삼정로 36,삼정로,36.0,0.0,44961.0,1157235.755,1723078.018,129.2334354,35.4911494,402677.327,323879.6063,"{'lat': 35.490894, 'lng': 129.2336788}",35.490894,129.2336788
3257,3716,초등학교,삼평초등학교,,본교,기존(원)교,공립,,052-239-4097,052-238-0798,http://samp.es.kr/,울산광역시 울주군 온산읍 삼평리 365번지,울산광역시,울주군,,온산읍,온산읍,삼평리,0,365.0,,,3171025022,3171025000.0,울산광역시 울주군 온산읍 삼평길 200,삼평길,200.0,0.0,45008.0,1165502.882,1713752.521,129.3226391,35.40576272,410996.6263,314590.4783,"{'lat': 35.4063013, 'lng': 129.3228918}",35.4063013,129.3228918
3258,3717,초등학교,상북초등학교,,본교,기존(원)교,공립,,052-254-6543,052-254-6556,http://www.sangbuk.es.kr,울산광역시 울주군 상북면 산전리 473-1번지,울산광역시,울주군,,상북면,상북면,산전리,0,473.0,1.0,,3171038023,3171038000.0,울산광역시 울주군 상북면 도동신리로 35,도동신리로,35.0,0.0,44902.0,1144408.569,1734021.258,129.0940248,35.59173078,389787.0994,334764.0496,"{'lat': 35.5916509, 'lng': 129.0932633}",35.5916509,129.0932633
3259,3718,초등학교,상북초등학교소호분교,,분교장,기존(원)교,공립,,052-264-1880,052-254-0205,http://www.soho1880.es.kr,울산광역시 울주군 상북면 소호리 376-3번지 소호분교장,울산광역시,울주군,,상북면,상북면,소호리,0,376.0,3.0,,3171038033,3171038000.0,울산광역시 울주군 상북면 소호당리길 1,소호당리길,1.0,0.0,44900.0,1143560.233,1742694.83,129.0862078,35.67002949,388894.126,343438.2762,"{'lat': 35.6707275, 'lng': 129.0860188}",35.6707275,129.0860188
3260,3719,초등학교,서생초등학교,,본교,기존(원)교,공립,,052-710-3425,052-239-0921,http://seosaeng.es.kr,울산광역시 울주군 서생면 신암리 223번지 서생초등학교,울산광역시,울주군,,서생면,서생면,신암리,0,223.0,,서생초등학교,3171031021,3171031000.0,"울산광역시 울주군 서생면 신암해안길 58, (서생초등학교)",신암해안길,58.0,0.0,45014.0,1165970.967,1707455.339,129.3265118,35.34893286,411496.8547,308291.8955,"{'lat': 35.3495114, 'lng': 129.3273911}",35.3495114,129.3273911
3261,3720,초등학교,성동초등학교,,본교,기존(원)교,공립,,052-710-3302,052-238-1139,http://ulsan-sd.es.kr,울산광역시 울주군 서생면 서생리 387번지 성동초등학교,울산광역시,울주군,,서생면,서생면,서생리,0,387.0,,성동초등학교,3171031027,3171031000.0,"울산광역시 울주군 서생면 진하길 7, (성동초등학교)",진하길,7.0,0.0,45013.0,1167283.636,1711459.85,129.341771,35.38480329,412790.0534,312305.4479,"{'lat': 35.3856741, 'lng': 129.3421943}",35.3856741,129.3421943
3262,3721,초등학교,언양초등학교,,본교,기존(원)교,공립,,052-262-0013,052-263-2070,http://www.eonyang.es.kr,울산광역시 울주군 언양읍 동부리 407-2번지 언양초등학교,울산광역시,울주군,,언양읍,언양읍,동부리,0,407.0,2.0,언양초등학교,3171025330,3171025300.0,"울산광역시 울주군 언양읍 북문8길 49, (언양초등학교)",북문8길,49.0,0.0,44939.0,1147347.195,1731867.617,129.1260582,35.57188684,392738.3664,332624.11,"{'lat': 35.5721728, 'lng': 129.1261549}",35.5721728,129.1261549
3263,3722,초등학교,영화초등학교,,본교,기존(원)교,공립,,052-255-7503,052-255-7591,http://www.yh2004.es.kr/,울산광역시 울주군 언양읍 서부리 291-10번지 영화초등학교,울산광역시,울주군,,언양읍,언양읍,서부리,0,291.0,10.0,영화초등학교,3171025331,3171025300.0,"울산광역시 울주군 언양읍 방천9길 33, (영화초등학교)",방천9길,33.0,0.0,44945.0,1146387.135,1731279.553,129.1153607,35.56672905,391780.7413,332030.8276,"{'lat': 35.5670928, 'lng': 129.1159325}",35.5670928,129.1159325
3264,3723,초등학교,온남초등학교,,본교,기존(원)교,공립,,052-237-1279,052-237-1290,http://www.onnam.es.kr,울산광역시 울주군 온양읍 대안리 250번지,울산광역시,울주군,,온양읍,온양읍,대안리,0,250.0,,,3171025622,3171025600.0,울산광역시 울주군 온양읍 화산발리로 734,화산발리로,734.0,0.0,44980.0,1162388.519,1713771.796,129.2883603,35.40644904,407880.3085,314593.995,"{'lat': 35.4059731, 'lng': 129.2888885}",35.4059731,129.2888885
3265,3724,초등학교,온산초등학교,,본교,기존(원)교,공립,,052-237-0198,052-237-0269,http://www.onsan.es.kr,울산광역시 울주군 온산읍 덕신리 327-1번지,울산광역시,울주군,,온산읍,온산읍,덕신리,0,327.0,1.0,,3171025032,3171025000.0,울산광역시 울주군 온산읍 신온9길 16,신온9길,16.0,0.0,45007.0,1164641.536,1716213.493,129.3136546,35.42808446,410122.3007,317048.558,"{'lat': 35.4285992, 'lng': 129.3142143}",35.4285992,129.3142143
3266,3725,초등학교,온양초등학교,,본교,기존(원)교,공립,,052-238-7462,052-238-0848,http://www.onyang.es.kr,울산광역시 울주군 온양읍 남창리 280번지,울산광역시,울주군,,온양읍,온양읍,남창리,0,280.0,,,3171025624,3171025600.0,울산광역시 울주군 온양읍 남창1길 32,남창1길,32.0,0.0,44974.0,1161669.43,1715083.618,129.2807046,35.41838875,407154.1485,315902.9549,"{'lat': 35.4178408, 'lng': 129.2801709}",35.4178408,129.2801709
3267,3726,초등학교,울주명지초등학교,,본교,기존(원)교,공립,,052-711-2383,052-212-8811,http://ujmj.es.kr,울산광역시 울주군 범서읍 구영리 855-1번지,울산광역시,울주군,,범서읍,범서읍,구영리,0,855.0,1.0,,3171025927,3171025900.0,울산광역시 울주군 범서읍 점촌4길 17,점촌4길,17.0,0.0,44923.0,1157473.767,1732016.157,129.2377949,35.57166659,402870.086,332824.2143,"{'lat': 35.572389, 'lng': 129.2378141}",35.572389,129.2378141
3268,3727,초등학교,웅촌초등학교,,본교,기존(원)교,공립,,052-225-0006,052-225-0393,http://www.ungchon-us.es.kr,울산광역시 울주군 웅촌면 곡천리 304번지,울산광역시,울주군,,웅촌면,웅촌면,곡천리,0,304.0,,,3171034023,3171034000.0,울산광역시 울주군 웅촌면 곡천검단로 4,곡천검단로,4.0,0.0,44965.0,1154912.966,1719978.366,129.2072473,35.46357823,400368.8952,320766.3522,"{'lat': 35.4643696, 'lng': 129.2071444}",35.4643696,129.2071444
3269,3728,초등학교,중남초등학교,,본교,기존(원)교,공립,,070-4788-2604,052-264-2907,http://joongnam.es.kr,울산광역시 울주군 삼남면 신화리 1485-17번지 중남초등학교,울산광역시,울주군,,삼남면,삼남면,신화리,0,1485.0,17.0,중남초등학교,3171039023,3171039000.0,"울산광역시 울주군 삼남면 사촌신복로 572, (중남초등학교)",사촌신복로,572.0,0.0,44953.0,1145803.797,1727831.257,129.108305,35.53573544,391214.587,328577.5819,"{'lat': 35.536601, 'lng': 129.108836}",35.536601,129.108836
3270,3729,초등학교,척과초등학교,,본교,기존(원)교,공립,,052-211-8585,052-211-8919,http://www.chukkwa.es.kr,울산광역시 울주군 범서읍 척과리 749-1번지 척과초등학교,울산광역시,울주군,,범서읍,범서읍,척과리,0,749.0,1.0,척과초등학교,3171025930,3171025900.0,"울산광역시 울주군 범서읍 갈매정길 16, (척과초등학교)",갈매정길,16.0,0.0,44917.0,1160823.585,1736838.78,129.2757059,35.61459062,406197.3521,337666.7222,"{'lat': 35.6151456, 'lng': 129.2757773}",35.6151456,129.2757773
3271,3730,초등학교,천상초등학교,,본교,기존(원)교,공립,,052-220-3801,052-248-5705,http://www.cheonsang.es.kr,울산광역시 울주군 범서읍 천상리 674번지 천상초등학교,울산광역시,울주군,,범서읍,범서읍,천상리,0,674.0,,천상초등학교,3171025922,3171025900.0,"울산광역시 울주군 범서읍 천상7길 28, (천상초등학교)",천상7길,28.0,0.0,44929.0,1156094.582,1730798.058,129.2223462,35.56090688,401496.2814,331598.3891,"{'lat': 35.5607622, 'lng': 129.2212006}",35.5607622,129.2212006
3272,3731,초등학교,청량초등학교,,본교,기존(원)교,공립,,052-268-6112,052-266-0736,http://ucr.es.kr/,울산광역시 울주군 청량면 덕하리 412-2번지,울산광역시,울주군,,청량면,청량면,덕하리,0,412.0,2.0,,3171033021,3171033000.0,울산광역시 울주군 청량면 덕정5길 14,덕정5길,14.0,0.0,44983.0,1163113.356,1722647.135,129.2981181,35.48631806,408560.5931,323478.2881,"{'lat': 35.4863679, 'lng': 129.297497}",35.4863679,129.297497
3273,3732,초등학교,호연초등학교,,본교,기존(원)교,공립,,052-710-4506,052-707-2393,http://www.hoyeon.es.kr,울산광역시 울주군 범서읍 구영리 217번지 호연초등학교,울산광역시,울주군,,범서읍,범서읍,구영리,0,217.0,,호연초등학교,3171025927,3171025900.0,"울산광역시 울주군 범서읍 대리로 75, (호연초등학교)",대리로,75.0,0.0,44921.0,1158553.588,1731689.73,129.2496423,35.56855236,403952.2022,332503.0839,"{'lat': 35.5687617, 'lng': 129.2498644}",35.5687617,129.2498644
8477,9202,중학교,남외중학교,,본교,기존(원)교,공립,남여공학,052-710-4100,052-707-2505,http://www.namoe.ms.kr,울산광역시 중구 남외동 502-1번지 남외중학교,울산광역시,중구,,병영1동,남외동,,0,502.0,1.0,남외중학교,3111011500,3111062000.0,"울산광역시 중구 남외3길 50, (남외동,남외중학교)",남외3길,50.0,0.0,44496.0,1167565.24,1731616.346,129.3490258,35.56640701,412969.5876,332475.4664,"{'lat': 35.56632, 'lng': 129.348466}",35.56632,129.348466
8478,9203,중학교,다운중학교,,본교,기존(원)교,공립,남여공학,052-710-3001,052-225-3060,http://daun.ms.kr,울산광역시 중구 다운동 676-1번지 다운중학교,울산광역시,중구,,다운동,다운동,,0,676.0,1.0,다운중학교,3111011200,3111061000.0,"울산광역시 중구 다운로 178, (다운동,다운중학교)",다운로,178.0,0.0,44403.0,1160360.435,1731669.382,129.2695684,35.568078,405760.2204,332491.9088,"{'lat': 35.5677696, 'lng': 129.270048}",35.5677696,129.270048
8479,9204,중학교,무룡중학교,,본교,기존(원)교,공립,남여공학,052-292-5147,052-292-6812,http://mr.ms.kr/,울산광역시 중구 약사동 707-7번지 무룡중학교 사동 (약),울산광역시,중구,,약사동,약사동,,0,707.0,7.0,무룡중학교,3111011700,3111064000.0,"울산광역시 중구 화합로 456, 사동 (약사동,무룡중학교)",화합로,456.0,0.0,44479.0,1166328.326,1731460.76,129.3353512,35.56521341,411732.7236,332313.4992,"{'lat': 35.5658748, 'lng': 129.3354954}",35.5658748,129.3354954
8480,9205,중학교,성안중학교,,본교,기존(원)교,공립,남여공학,052-246-6611,052-246-6613,http://seongan.ms.kr/,울산광역시 중구 성안동 519-8번지 성안중학교,울산광역시,중구,,성안동,성안동,,0,519.0,8.0,성안중학교,3111010900,3111065000.0,"울산광역시 중구 성안2길 30, (성안동,성안중학교)",성안2길,30.0,0.0,44420.0,1164734.713,1732290.455,129.3179434,35.57295705,410133.9403,333135.5884,"{'lat': 35.5728309, 'lng': 129.3180008}",35.5728309,129.3180008
8481,9206,중학교,약사중학교,,본교,기존(원)교,공립,남여공학,052-290-7500,052-290-7530,http://www.yaksa.ms.kr,울산광역시 중구 약사동 571-1번지 약사중학교 사동 (약),울산광역시,중구,,약사동,약사동,,0,571.0,1.0,약사중학교,3111011700,3111064000.0,"울산광역시 중구 평산4길 10, 사동 (약사동,약사중학교)",평산4길,10.0,0.0,44472.0,1166705.532,1731964.757,129.3396154,35.56969197,412107.5928,332819.7151,"{'lat': 35.5709854, 'lng': 129.3390504}",35.5709854,129.3390504
8482,9207,중학교,외솔중학교,,본교,기존(원)교,공립,남여공학,052-294-2420,052-296-9738,http://www.usdm.ms.kr,울산광역시 중구 서동 622번지,울산광역시,중구,,병영2동,서동,,0,622.0,,,3111011400,3111063000.0,"울산광역시 중구 종가로 710, (서동)",종가로,710.0,0.0,44550.0,1166998.617,1733631.648,129.3431924,35.58466444,412392.3779,334489.0951,"{'lat': 35.5842573, 'lng': 129.3434351}",35.5842573,129.3434351
8483,9208,중학교,울산여자중학교,,본교,기존(원)교,공립,여자,052-294-5340,052-292-2584,http://usgm.ms.kr/,울산광역시 중구 반구동 50번지 울산여자중학교,울산광역시,중구,,반구2동,반구동,,0,50.0,,울산여자중학교,3111011800,3111053000.0,"울산광역시 중구 구교10길 60, (반구동,울산여자중학교)",구교10길,60.0,0.0,44509.0,1166562.603,1731338.363,129.33791,35.564071,411967.7632,332192.2201,"{'lat': 35.5642362, 'lng': 129.3381063}",35.5642362,129.3381063
8484,9209,중학교,울산제일중학교,,본교,기존(원)교,공립,남자,052-247-1801,052-224-1456,http://www.ulsanjeil.ms.kr,울산광역시 중구 태화동 871번지 울산제일중학교,울산광역시,중구,,다운동,태화동,,0,871.0,,울산제일중학교,3111011100,3111061000.0,"울산광역시 중구 태화로 77, (태화동,울산제일중학교)",태화로,77.0,0.0,44434.0,1161689.719,1730126.127,129.2839223,35.55395367,407098.1357,330954.496,"{'lat': 35.5545141, 'lng': 129.2846671}",35.5545141,129.2846671
8485,9210,중학교,울산중학교,,본교,기존(원)교,사립,남자,052-296-7703,052-297-0882,http://www.ulsanms.ms.kr,"울산광역시 중구 복산동 382번지 울산고등학교,울산중학교",울산광역시,중구,,복산2동,복산동,,0,382.0,,"울산고등학교,울산중학교",3111010300,3111055000.0,"울산광역시 중구 도화골15길 15, (복산동,울산고등학교,울산중학교)",도화골15길,15.0,0.0,44478.0,1166013.668,1731210.628,129.3318294,35.56301203,411419.1489,332061.6179,"{'lat': 35.5643749, 'lng': 129.3312458}",35.5643749,129.3312458
8486,9211,중학교,유곡중학교,,본교,기존(원)교,공립,남여공학,052-246-9140,052-246-9066,http://ukok.ms.kr,울산광역시 중구 태화동 196번지 유곡중학교,울산광역시,중구,,태화동,태화동,,0,196.0,,유곡중학교,3111011100,3111060000.0,"울산광역시 중구 유곡로 85, (태화동,유곡중학교)",유곡로,85.0,0.0,44458.0,1163151.461,1730713.761,129.3001611,35.55900986,408557.7596,331549.9073,"{'lat': 35.5588435, 'lng': 129.2996477}",35.5588435,129.2996477
8487,9212,중학교,학성여자중학교,,본교,기존(원)교,공립,여자,052-247-2384,052-224-0678,http://www.haksunggirls.ms.kr,울산광역시 중구 태화동 747-1번지 학성여자중학교,울산광역시,중구,,다운동,태화동,,0,747.0,1.0,학성여자중학교,3111011100,3111061000.0,"울산광역시 중구 명정3길 12, (태화동,학성여자중학교)",명정3길,12.0,0.0,44436.0,1162404.092,1730180.821,129.2918116,35.55432973,407812.6552,331012.8526,"{'lat': 35.555264, 'lng': 129.291472}",35.555264,129.291472
8488,9213,중학교,대현중학교,,본교,기존(원)교,공립,남여공학,052-267-7725,052-265-5912,http://daihyun.ms.kr,울산광역시 남구 달동 1330-2번지 대현중학교,울산광역시,남구,,삼산동,달동,,0,1330.0,2.0,대현중학교,3114010500,3114057000.0,"울산광역시 남구 왕생로86번길 33, (달동,대현중학교)",왕생로86번길,33.0,0.0,44704.0,1166243.034,1728873.583,129.3338792,35.54191215,411660.5276,329724.3405,"{'lat': 35.5426796, 'lng': 129.333611}",35.5426796,129.333611
8489,9214,중학교,동평중학교,,본교,기존(원)교,공립,남여공학,052-272-7924,052-269-6715,http://www.dp.ms.kr,울산광역시 남구 달동 119-8번지 동평중학교,울산광역시,남구,,달동,달동,,0,119.0,8.0,동평중학교,3114010500,3114056000.0,"울산광역시 남구 도산로77번길 13-34, (달동,동평중학교)",도산로77번길,13.0,34.0,44725.0,1165396.453,1727953.531,129.3243568,35.53376223,410818.1148,328799.4382,"{'lat': 35.534101, 'lng': 129.324858}",35.534101,129.324858
8490,9215,중학교,무거중학교,,본교,기존(원)교,공립,남여공학,052-710-5300,052-223-1364,http://www.mugeo.ms.kr,울산광역시 남구 무거동 996번지 무거중학교,울산광역시,남구,,무거동,무거동,,0,996.0,,무거중학교,3114010100,3114059500.0,"울산광역시 남구 대학로1번길 17-18, (무거동,무거중학교)",대학로1번길,17.0,18.0,44619.0,1158756.223,1728208.731,129.2511949,35.53714778,404172.6453,329021.0615,"{'lat': 35.537397, 'lng': 129.2516009}",35.537397,129.2516009
8491,9216,중학교,문수중학교,,본교,기존(원)교,공립,남여공학,052-277-8701,052-277-8703,http://usms.ms.kr/,울산광역시 남구 무거동 488-17번지 문수중학교,울산광역시,남구,,무거동,무거동,,0,488.0,17.0,문수중학교,3114010100,3114059500.0,"울산광역시 남구 옥현로 6, (무거동,문수중학교)",옥현로,6.0,0.0,44615.0,1159326.865,1728391.631,129.2575228,35.53870458,404742.6948,329206.968,"{'lat': 35.5383778, 'lng': 129.2571338}",35.5383778,129.2571338
8492,9217,중학교,삼호중학교,,본교,기존(원)교,공립,남여공학,052-277-3687,052-224-0096,http://samho-us.ms.kr,울산광역시 남구 무거동 1454-1번지 삼호중학교,울산광역시,남구,,삼호동,무거동,,0,1454.0,1.0,삼호중학교,3114010100,3114058500.0,"울산광역시 남구 삼호로38번길 6, (무거동,삼호중학교)",삼호로38번길,6.0,0.0,44641.0,1160282.358,1729573.176,129.2682921,35.549199,405692.7506,330394.0652,"{'lat': 35.549037, 'lng': 129.2676537}",35.549037,129.2676537
8493,9218,중학교,신일중학교,,본교,기존(원)교,공립,남여공학,052-275-0631,052-268-5047,http://www.usshinil.ms.kr,울산광역시 남구 신정동 906-7번지 신일중학교,울산광역시,남구,,신정4동,신정동,,0,906.0,7.0,신일중학교,3114010400,3114054000.0,"울산광역시 남구 두왕로 278, (신정동,신일중학교)",두왕로,278.0,0.0,44742.0,1164135.531,1727209.109,129.310304,35.52726296,409560.2211,328048.1679,"{'lat': 35.5274622, 'lng': 129.3107765}",35.5274622,129.3107765
8494,9219,중학교,신정중학교,,본교,기존(원)교,공립,남여공학,052-260-2635,052-266-9878,http://www.sinjung.ms.kr,울산광역시 남구 옥동 163-6번지 신정중학교,울산광역시,남구,,옥동,옥동,,0,163.0,6.0,신정중학교,3114010200,3114060000.0,"울산광역시 남구 은월로 11, (옥동,신정중학교)",은월로,11.0,0.0,44644.0,1162408.196,1728738.617,129.2915676,35.54133163,407824.0889,329569.8125,"{'lat': 35.5419842, 'lng': 129.2909332}",35.5419842,129.2909332
8495,9220,중학교,야음중학교,,본교,기존(원)교,공립,남여공학,052-256-6875,052-256-6874,http://yaeum.ms.kr,울산광역시 남구 야음동 789-11번지 야음교육단지,울산광역시,남구,,대현동,야음동,,0,789.0,11.0,야음교육단지,3114010800,3114062500.0,"울산광역시 남구 수암로 164, (야음동,야음교육단지)",수암로,164.0,0.0,44751.0,1165440.866,1727128.392,129.324678,35.52631861,410866.7453,327974.0311,"{'lat': 35.5254406, 'lng': 129.3248625}",35.5254406,129.3248625
8496,9221,중학교,옥동중학교,,본교,기존(원)교,공립,남여공학,052-240-3600,052-269-4791,http://www.okdong.ms.kr,울산광역시 남구 옥동 648-1번지 옥동중학교,울산광역시,남구,,옥동,옥동,,0,648.0,1.0,옥동중학교,3114010200,3114060000.0,"울산광역시 남구 법대로14번길 9, (옥동,옥동중학교)",법대로14번길,9.0,0.0,44643.0,1161786.936,1728294.641,129.2846286,35.53743201,407204.7158,329122.4168,"{'lat': 35.5384049, 'lng': 129.2841398}",35.5384049,129.2841398
8497,9222,중학교,옥현중학교,,본교,기존(원)교,공립,남여공학,052-222-1805,052-222-1795,http://www.okhyun.ms.kr,울산광역시 남구 무거동 476번지 옥현중학교,울산광역시,남구,,무거동,무거동,,0,476.0,,옥현중학교,3114010100,3114059500.0,"울산광역시 남구 문수로75번길 18, (무거동,옥현중학교)",문수로75번길,18.0,0.0,44614.0,1159766.428,1728553.466,129.2624014,35.54009235,405181.696,329371.1318,"{'lat': 35.5401543, 'lng': 129.2630029}",35.5401543,129.2630029
8498,9223,중학교,울산강남중학교,,본교,기존(원)교,공립,남여공학,052-273-4190,052-265-4921,http://www.ulsangangnam.ms.kr/,울산광역시 남구 삼산동 1541-19번지 번길14,울산광역시,남구,,삼산동,삼산동,,0,1541.0,19.0,,3114010600,3114057000.0,"울산광역시 남구 돋질로 325, (삼산동)",돋질로,325.0,0.0,44709.0,1166835.892,1729132.81,129.3404696,35.54414867,412252.4235,329986.735,"{'lat': 35.544256, 'lng': 129.3405332}",35.544256,129.3405332
8499,9224,중학교,울산서여자중학교,,본교,기존(원)교,공립,여자,052-267-3181,052-269-3970,http://www.ussg.ms.kr/,울산광역시 남구 신정동 1632-6번지 울산서여자중학교,울산광역시,남구,,신정2동,신정동,,0,1632.0,6.0,울산서여자중학교,3114010400,3114052000.0,"울산광역시 남구 문수로 432, (신정동,울산서여자중학교)",문수로,432.0,0.0,44666.0,1163234.063,1727855.705,129.300496,35.533239,408654.9317,328690.5702,"{'lat': 35.5328006, 'lng': 129.3002937}",35.5328006,129.3002937
8500,9225,중학교,울산중앙중학교,,본교,기존(원)교,공립,남여공학,052-269-1747,052-273-0083,http://usjm.ms.kr,울산광역시 남구 신정동 859-3번지 울산중앙중학교,울산광역시,남구,,신정4동,신정동,,0,859.0,3.0,울산중앙중학교,3114010400,3114054000.0,"울산광역시 남구 중앙로63번길 5, (신정동,울산중앙중학교)",중앙로63번길,5.0,0.0,44743.0,1164713.321,1727177.33,129.3166673,35.52688075,410138.5169,328019.3034,"{'lat': 35.5265476, 'lng': 129.316115}",35.5265476,129.316115
8501,9226,중학교,월평중학교,,본교,기존(원)교,공립,남여공학,052-272-9903,052-273-3491,http://www.uswp.ms.kr/,울산광역시 남구 신정동 592-3번지 월평중학교,울산광역시,남구,,신정3동,신정동,,0,592.0,3.0,월평중학교,3114010400,3114053000.0,"울산광역시 남구 중앙로204번길 31, (신정동,월평중학교)",중앙로204번길,31.0,0.0,44689.0,1164614.73,1728638.213,129.3158772,35.54006276,410032.4469,329480.5581,"{'lat': 35.5405719, 'lng': 129.3156924}",35.5405719,129.3156924
8502,9227,중학교,태화중학교,,본교,기존(원)교,공립,남여공학,052-220-6406,052-268-9165,http://taehwa.ms.kr,울산광역시 남구 야음동 10-1번지 태화중학교,울산광역시,남구,,야음장생포동,야음동,,0,10.0,1.0,태화중학교,3114010800,3114067000.0,"울산광역시 남구 화합로71번길 24, (야음동,태화중학교)",화합로71번길,24.0,0.0,44757.0,1166722.732,1727761.783,129.3389397,35.53181205,412146.1609,328614.3119,"{'lat': 35.5323138, 'lng': 129.3390705}",35.5323138,129.3390705
8503,9228,중학교,학성중학교,,본교,기존(원)교,공립,남자,052-272-7480,052-272-7572,http://www.haksung.ms.kr/,울산광역시 남구 신정동 1632-1번지 학성중학교,울산광역시,남구,,신정2동,신정동,,0,1632.0,1.0,학성중학교,3114010400,3114052000.0,"울산광역시 남구 문수로 426, (신정동,학성중학교)",문수로,426.0,0.0,44666.0,1163176.215,1727866.584,129.2998604,35.53334656,408596.9946,328701.1619,"{'lat': 35.5329594, 'lng': 129.2988432}",35.5329594,129.2988432
8504,9229,중학교,남목중학교,,본교,기존(원)교,공립,남여공학,052-710-4051,052-708-7081,http://nammok.ms.kr,울산광역시 동구 서부동 568번지 남목중학교,울산광역시,동구,,남목1동,서부동,,0,568.0,,남목중학교,3117010800,3117058000.0,"울산광역시 동구 방어진순환도로 1155, (서부동,남목중학교)",방어진순환도로,1155.0,0.0,44016.0,1174336.358,1728719.997,129.4230823,35.53913759,419759.5127,329611.7799,"{'lat': 35.5387686, 'lng': 129.4229602}",35.5387686,129.4229602
8505,9230,중학교,대송중학교,,본교,기존(원)교,공립,남자,052-236-3741,052-236-3743,http://daesong-m.use.go.kr/,울산광역시 동구 화정동 143-1번지 대송중학교,울산광역시,동구,,대송동,화정동,,0,143.0,1.0,대송중학교,3117010200,3117054000.0,"울산광역시 동구 학문로 90, (화정동,대송중학교)",학문로,90.0,0.0,44054.0,1174095.313,1724852.172,129.4195943,35.50432472,419537.9629,325740.3808,"{'lat': 35.5043837, 'lng': 129.420017}",35.5043837,129.420017
8506,9231,중학교,명덕여자중학교,,본교,기존(원)교,공립,여자,052-252-1637,052-235-7797,http://www.myung-duk.ms.kr,울산광역시 동구 화정동 450번지,울산광역시,동구,,일산동,화정동,,0,450.0,,,3117010200,3117052000.0,"울산광역시 동구 학문로 40, (화정동)",학문로,40.0,0.0,44054.0,1174528.312,1724850.653,129.4243658,35.50423499,419971.2325,325741.0595,"{'lat': 35.5033626, 'lng': 129.4240845}",35.5033626,129.4240845
8507,9232,중학교,방어진중학교,,본교,기존(원)교,공립,남여공학,052-235-8553,052-251-4095,http://www.bangjung.ms.kr,울산광역시 동구 화정동 207번지 방어진중학교,울산광역시,동구,,대송동,화정동,,0,207.0,,방어진중학교,3117010200,3117054000.0,"울산광역시 동구 학문로 100, (화정동,방어진중학교)",학문로,100.0,0.0,44054.0,1173935.89,1724871.85,129.4178415,35.50453,419378.3433,325759.2616,"{'lat': 35.5045781, 'lng': 129.4179894}",35.5045781,129.4179894
8508,9233,중학교,일산중학교,,본교,기존(원)교,공립,남여공학,052-251-6862,052-232-9115,http://ilsan-m.ms.kr,울산광역시 동구 일산동 437-3번지 일산중학교,울산광역시,동구,,일산동,일산동,,0,437.0,3.0,일산중학교,3117010300,3117052000.0,"울산광역시 동구 진성15길 15, (일산동,일산중학교)",진성15길,15.0,0.0,44054.0,1174479.665,1725085.393,129.4238802,35.50635892,419921.3642,325975.6949,"{'lat': 35.5062724, 'lng': 129.4232944}",35.5062724,129.4232944
8509,9234,중학교,현대중학교,,본교,기존(원)교,사립,남여공학,052-230-7373,052-230-7360,http://hd.ms.kr,울산광역시 동구 서부동 238-21번지 현대중학교,울산광역시,동구,,남목2동,서부동,,0,238.0,21.0,현대중학교,3117010800,3117059000.0,"울산광역시 동구 봉수로 453, (서부동,현대중학교)",봉수로,453.0,0.0,44018.0,1174381.767,1727058.455,129.4232254,35.52415653,419813.3893,327949.4593,"{'lat': 35.5247425, 'lng': 129.4231828}",35.5247425,129.4231828
8510,9235,중학교,현대청운중학교,,본교,기존(원)교,사립,남여공학,052-230-7602,052-230-7676,http://hcu.ms.kr,울산광역시 동구 서부동 290-1번지 현대청운중학교,울산광역시,동구,,남목2동,서부동,,0,290.0,1.0,현대청운중학교,3117010800,3117059000.0,"울산광역시 동구 방어진순환도로 1073, (서부동,현대청운중학교)",방어진순환도로,1073.0,0.0,44017.0,1174929.102,1728406.914,129.4295499,35.53621181,420354.2072,329301.5175,"{'lat': 35.5356857, 'lng': 129.4287653}",35.5356857,129.4287653
8511,9236,중학교,화암중학교,,본교,기존(원)교,공립,남여공학,052-201-9174,052-201-9156,http://hwaam.ms.kr,울산광역시 동구 방어동 1109번지 화암중학교,울산광역시,동구,,방어동,방어동,,0,1109.0,,화암중학교,3117010100,3117051000.0,"울산광역시 동구 문현5길 35, (방어동,화암중학교)",문현5길,35.0,0.0,44091.0,1173470.716,1723002.449,129.4123156,35.487765,418922.3744,323886.365,"{'lat': 35.4883299, 'lng': 129.4123793}",35.4883299,129.4123793
8512,9237,중학교,화진중학교,,본교,기존(원)교,공립,남여공학,052-251-1754,052-235-5363,http://www.hwajin.ms.kr,울산광역시 동구 화정동 828번지 화진중학교,울산광역시,동구,,화정동,화정동,,0,828.0,,화진중학교,3117010200,3117053000.0,"울산광역시 동구 양지1길 45, (화정동,화진중학교)",양지1길,45.0,0.0,44074.0,1174335.756,1723972.421,129.4220551,35.49635455,419783.0171,324861.3162,"{'lat': 35.4967458, 'lng': 129.4224336}",35.4967458,129.4224336
8513,9238,중학교,강동중학교,,본교,기존(원)교,공립,남여공학,052-295-0010,052-295-5675,http://kangdong.ms.kr,울산광역시 북구 산하동 755번지 강동중학교,울산광역시,북구,,강동동,산하동,,0,755.0,,강동중학교,3120011800,3120054000.0,"울산광역시 북구 산음12길 10, (산하동,강동중학교)",산음12길,10.0,0.0,44264.0,1175201.748,1738725.15,129.4347918,35.62914565,420574.5408,339627.4159,"{'lat': 35.6295185, 'lng': 129.4350911}",35.6295185,129.4350911
8514,9239,중학교,농소중학교,,본교,기존(원)교,공립,남여공학,052-295-5012,052-295-5285,http://nongso.ms.kr,울산광역시 북구 호계동 726번지 농소중학교,울산광역시,북구,,농소1동,호계동,,0,726.0,,농소중학교,3120010200,3120051000.0,"울산광역시 북구 호계7길 13, (호계동,농소중학교)",호계7길,13.0,0.0,44225.0,1168011.641,1738113.48,129.3553005,35.62488234,413383.2045,338978.7689,"{'lat': 35.6257014, 'lng': 129.3552974}",35.6257014,129.3552974
8515,9240,중학교,달천중학교,,본교,기존(원)교,공립,남여공학,052-710-4900,052-294-3230,http://dalchun.ms.kr,울산광역시 북구 달천동 11-67번지 달천중학교,울산광역시,북구,,농소3동,달천동,,0,11.0,67.0,달천중학교,3120010900,3120053000.0,"울산광역시 북구 가재길 51, (달천동,달천중학교)",가재길,51.0,0.0,44205.0,1165815.842,1738747.996,129.3311946,35.63097145,411182.86,339602.4861,"{'lat': 35.6306896, 'lng': 129.3304273}",35.6306896,129.3304273
8516,9241,중학교,매곡중학교,,본교,기존(원)교,공립,남여공학,052-286-5644,052-282-6050,http://maegok.ms.kr,울산광역시 북구 매곡동 490-1번지 매곡중학교,울산광역시,북구,,농소2동,매곡동,,0,490.0,1.0,매곡중학교,3120010300,3120052000.0,"울산광역시 북구 매곡1로 59, (매곡동,매곡중학교)",매곡1로,59.0,0.0,44218.0,1167468.779,1740338.459,129.3497708,35.64502552,412828.6877,341202.3188,"{'lat': 35.644755, 'lng': 129.349408}",35.644755,129.349408
8517,9242,중학교,상안중학교,,본교,기존(원)교,공립,남여공학,052-291-0797,052-291-0798,http://www.sangan.ms.kr,울산광역시 북구 상안동 838-1번지 상안중학교,울산광역시,북구,,농소3동,상안동,,0,838.0,1.0,상안중학교,3120010700,3120053000.0,"울산광역시 북구 양지길 5, (상안동,상안중학교)",양지길,5.0,0.0,44205.0,1165776.53,1738351.41,129.3306791,35.62740406,411145.5442,339205.4631,"{'lat': 35.6279785, 'lng': 129.3306052}",35.6279785,129.3306052
8518,9243,중학교,연암중학교,,본교,기존(원)교,공립,남여공학,052-289-6496,052-289-6498,http://www.ya.ms.kr,울산광역시 북구 연암동 1128번지 연암중학교,울산광역시,북구,,효문동,연암동,,0,1128.0,,연암중학교,3120012200,3120056000.0,"울산광역시 북구 사청1길 12, (연암동,연암중학교)",사청1길,12.0,0.0,44248.0,1168537.851,1733821.97,129.3602129,35.58611863,413931.5679,334687.3597,"{'lat': 35.5856624, 'lng': 129.3600977}",35.5856624,129.3600977
8519,9244,중학교,울산스포츠과학중학교,,본교,기존(원)교,공립,남여공학,052-716-5010,070-8255-5034,http://www.ussmh.hs.kr,울산광역시 북구 산하동 799번지,울산광역시,북구,,강동동,산하동,,0,799.0,,,3120011800,3120054000.0,"울산광역시 북구 산음3길 16, (산하동)",산음3길,16.0,0.0,44233.0,1174974.903,1738116.267,129.4321559,35.62369898,420350.6582,339017.0074,"{'lat': 35.6233896, 'lng': 129.4313779}",35.6233896,129.4313779
8520,9245,중학교,이화중학교,,본교,기존(원)교,공립,남여공학,052-286-4117,052-286-3322,http://www.ihwa.ms.kr,울산광역시 북구 중산동 803번지 이화중학교,울산광역시,북구,,농소2동,중산동,,0,803.0,,이화중학교,3120010600,3120052000.0,"울산광역시 북구 산업로 1631, (중산동,이화중학교)",산업로,1631.0,0.0,44216.0,1166517.611,1741786.399,129.3395688,35.65823495,411869.5737,342646.2806,"{'lat': 35.6579535, 'lng': 129.3391995}",35.6579535,129.3391995
8521,9246,중학교,진장중학교,,본교,기존(원)교,공립,남여공학,052-289-6483,052-289-6484,http://jinjang.ms.kr,울산광역시 북구 진장동 687-1번지 진장중학교,울산광역시,북구,,효문동,진장동,,0,687.0,1.0,진장중학교,3120012100,3120056000.0,"울산광역시 북구 진장10길 24, (진장동,진장중학교)",진장10길,24.0,0.0,44251.0,1168397.586,1731284.876,129.3581372,35.56327866,413804.1183,332148.0288,"{'lat': 35.5633478, 'lng': 129.3584655}",35.5633478,129.3584655
8522,9247,중학교,천곡중학교,,본교,기존(원)교,공립,남여공학,052-286-6109,052-286-6096,http://cheongok.ms.kr,울산광역시 북구 천곡동 392번지 천곡중학교,울산광역시,북구,,농소3동,천곡동,,0,392.0,,천곡중학교,3120010800,3120053000.0,"울산광역시 북구 고래로 38, (천곡동,천곡중학교)",고래로,38.0,0.0,44203.0,1166643.548,1738871.464,129.3403567,35.63194485,412010.4324,339730.2426,"{'lat': 35.6321185, 'lng': 129.3406753}",35.6321185,129.3406753
8523,9248,중학교,호계중학교,,본교,기존(원)교,공립,남여공학,052-286-6921,052-286-6910,http://www.ushogye.ms.kr,울산광역시 북구 호계동 262-4번지 호계중학교,울산광역시,북구,,농소1동,호계동,,0,262.0,4.0,호계중학교,3120010200,3120051000.0,"울산광역시 북구 동대11길 39, (호계동,호계중학교)",동대11길,39.0,0.0,44227.0,1167959.107,1738822.63,129.3548683,35.63128197,413327.0289,339688.0775,"{'lat': 35.6308667, 'lng': 129.3547982}",35.6308667,129.3547982
8524,9249,중학교,화봉중학교,,본교,기존(원)교,공립,남여공학,052-287-6711,052-289-0803,http://hwabong.ms.kr,울산광역시 북구 화봉동 677-1번지 화봉중학교,울산광역시,북구,,송정동,화봉동,,0,677.0,1.0,화봉중학교,3120012500,3120057000.0,"울산광역시 북구 통샘1길 2, (화봉동,화봉중학교)",통샘1길,2.0,0.0,44239.0,1168539.7,1734089.761,129.3602891,35.58853159,413932.0559,334955.321,"{'lat': 35.5893648, 'lng': 129.3608514}",35.5893648,129.3608514
8525,9250,중학교,효정중학교,,본교,기존(원)교,공립,남여공학,052-287-0809,052-287-4975,http://hyojung.ms.kr,울산광역시 북구 양정동 222번지 효정중학교,울산광역시,북구,,양정동,양정동,,0,222.0,,효정중학교,3120012400,3120058000.0,"울산광역시 북구 염포로 363, (양정동,효정중학교)",염포로,363.0,0.0,44257.0,1170204.08,1730823.547,129.3779639,35.55881246,415614.0441,331695.604,"{'lat': 35.5591264, 'lng': 129.3785471}",35.5591264,129.3785471
8526,9251,중학교,구영중학교,,본교,기존(원)교,공립,남여공학,052-711-2400,052-245-6644,http://guyeong.ms.kr,울산광역시 울주군 범서읍 구영리 753-2번지 구영중학교,울산광역시,울주군,,범서읍,범서읍,구영리,0,753.0,2.0,구영중학교,3171025927,3171025900.0,"울산광역시 울주군 범서읍 점촌3길 46, (구영중학교)",점촌3길,46.0,0.0,44923.0,1157396.564,1732128.545,129.2369652,35.57269176,402792.2665,332936.276,"{'lat': 35.5724833, 'lng': 129.2364489}",35.5724833,129.2364489
8527,9252,중학교,남창중학교,,본교,기존(원)교,공립,남여공학,052-239-0625,052-239-0626,http://namchang.ms.kr,울산광역시 울주군 온양읍 동상리 857-3번지,울산광역시,울주군,,온양읍,온양읍,동상리,0,857.0,3.0,,3171025625,3171025600.0,울산광역시 울주군 온양읍 동상로 66,동상로,66.0,0.0,44975.0,1162185.283,1715228.479,129.2864129,35.4196104,407669.5741,316050.5145,"{'lat': 35.4192959, 'lng': 129.2871671}",35.4192959,129.2871671
8528,9253,중학교,두광중학교,,본교,기존(원)교,공립,남여공학,052-264-6012,052-262-6986,http://www.dukwang.ms.kr/,울산광역시 울주군 두서면 인보리 94-6번지,울산광역시,울주군,,두서면,두서면,인보리,0,94.0,6.0,,3171037028,3171037000.0,울산광역시 울주군 두서면 반구대로 1930-5,반구대로,1930.0,5.0,44911.0,1151068.75,1741169.906,129.1688532,35.65516462,396414.743,341950.7237,"{'lat': 35.6562307, 'lng': 129.1696613}",35.6562307,129.1696613
8529,9254,중학교,범서중학교,,본교,기존(원)교,공립,남여공학,052-946-7221,052-946-7217,http://www.beomseo.ms.kr,울산광역시 울주군 범서읍 구영리 390번지 범서중학교,울산광역시,울주군,,범서읍,범서읍,구영리,0,390.0,,범서중학교,3171025927,3171025900.0,"울산광역시 울주군 범서읍 대리1길 16, (범서중학교)",대리1길,16.0,0.0,44922.0,1158115.534,1731710.989,129.2448145,35.56881401,403513.7826,332522.1291,"{'lat': 35.5685276, 'lng': 129.245545}",35.5685276,129.245545
8530,9255,중학교,삼남중학교,,본교,기존(원)교,공립,남여공학,052-710-4317,052-708-7094,http://www.isamnam.ms.kr,울산광역시 울주군 삼남면 가천리 664-35번지,울산광역시,울주군,,삼남면,삼남면,가천리,0,664.0,35.0,,3171039025,3171039000.0,울산광역시 울주군 삼남면 강당로 95,강당로,95.0,0.0,44953.0,1144825.887,1726505.548,129.0972849,35.52393,390242.8463,327246.1448,"{'lat': 35.5241771, 'lng': 129.0968998}",35.5241771,129.0968998
8531,9256,중학교,상북중학교,,본교,기존(원)교,사립,남여공학,052-263-0760,052-264-4631,http://ulsan-sangbuk.ms.kr,"울산광역시 울주군 상북면 산전리 435번지 상북중학교,경의고등학교",울산광역시,울주군,,상북면,상북면,산전리,0,435.0,,"상북중학교,경의고등학교",3171038023,3171038000.0,"울산광역시 울주군 상북면 상북로 248, (상북중학교,경의고등학교)",상북로,248.0,0.0,44902.0,1144338.668,1733607.094,129.0931795,35.5880081,389719.2645,334349.2928,"{'lat': 35.588562, 'lng': 129.0938507}",35.588562,129.0938507
8532,9257,중학교,서생중학교,,본교,기존(원)교,공립,남여공학,052-239-5001,052-239-4168,http://seosaeng.ms.kr,울산광역시 울주군 서생면 신암리 8-1번지,울산광역시,울주군,,서생면,서생면,신암리,0,8.0,1.0,,3171031021,3171031000.0,울산광역시 울주군 서생면 당물길 1,당물길,1.0,0.0,45014.0,1166277.117,1707671.359,129.3299234,35.35082875,411802.0957,308509.593,"{'lat': 35.3505775, 'lng': 129.3312039}",35.3505775,129.3312039
8533,9258,중학교,신언중학교,,본교,기존(원)교,공립,남여공학,052-703-1201,052-703-1210,http://www.sineon.ms.kr,울산광역시 울주군 언양읍 서부리 280번지 신언중학교,울산광역시,울주군,,언양읍,언양읍,서부리,0,280.0,,신언중학교,3171025331,3171025300.0,"울산광역시 울주군 언양읍 방천9길 19, (신언중학교)",방천9길,19.0,0.0,44945.0,1146261.848,1731322.353,129.1139864,35.56713332,391655.1654,332073.0157,"{'lat': 35.5674195, 'lng': 129.1140697}",35.5674195,129.1140697
8534,9259,중학교,언양중학교,,본교,기존(원)교,공립,남여공학,052-264-6537,052-264-6765,http://www.eonyang.ms.kr/,울산광역시 울주군 언양읍 동부리 15-1번지 언양중학교,울산광역시,울주군,,언양읍,언양읍,동부리,0,15.0,1.0,언양중학교,3171025330,3171025300.0,"울산광역시 울주군 언양읍 북문13길 7, (언양중학교)",북문13길,7.0,0.0,44939.0,1147508.56,1731872.237,129.1278391,35.57190444,392899.8012,332629.5529,"{'lat': 35.5724811, 'lng': 129.1276812}",35.5724811,129.1276812
8535,9260,중학교,온산중학교,,본교,기존(원)교,공립,남여공학,052-238-4120,052-238-4130,http://www.onsan.ms.kr,울산광역시 울주군 온산읍 덕신리 71-1번지,울산광역시,울주군,,온산읍,온산읍,덕신리,0,71.0,1.0,,3171025032,3171025000.0,울산광역시 울주군 온산읍 명봉거남로 78,명봉거남로,78.0,0.0,44991.0,1164888.133,1717599.074,129.3166504,35.44053084,410362.0243,318436.216,"{'lat': 35.439994, 'lng': 129.3176563}",35.439994,129.3176563
8536,9261,중학교,웅촌중학교,,본교,기존(원)교,공립,남여공학,052-225-4767,052-225-7550,http://www.ungchon.ms.kr,울산광역시 울주군 웅촌면 곡천리 294번지 웅촌중학교,울산광역시,울주군,,웅촌면,웅촌면,곡천리,0,294.0,,웅촌중학교,3171034023,3171034000.0,"울산광역시 울주군 웅촌면 새초천길 13, (웅촌중학교)",새초천길,13.0,0.0,44965.0,1155031.643,1719816.778,129.2085238,35.46210338,400488.4608,320605.2716,"{'lat': 35.4620792, 'lng': 129.2090934}",35.4620792,129.2090934
8537,9262,중학교,장검중학교,,본교,기존(원)교,공립,남여공학,052-225-9339,052-225-9669,http://janggeom.ms.kr,울산광역시 울주군 범서읍 굴화리 129-2번지,울산광역시,울주군,,범서읍,범서읍,굴화리,0,129.0,2.0,,3171025924,3171025900.0,울산광역시 울주군 범서읍 장검1길 1,장검1길,1.0,0.0,44932.0,1159024.359,1730200.102,129.2545424,35.5550518,404430.8224,331014.9697,"{'lat': 35.5531466, 'lng': 129.2537282}",35.5531466,129.2537282
8538,9263,중학교,천상중학교,,본교,기존(원)교,공립,남여공학,052-248-5101,052-248-5110,http://cheonsang.ms.kr,울산광역시 울주군 범서읍 천상리  산 47-4번지,울산광역시,울주군,,범서읍,범서읍,천상리,1,47.0,4.0,,3171025922,3171025900.0,울산광역시 울주군 범서읍 천상중앙길 161,천상중앙길,161.0,0.0,44929.0,1155871.154,1730067.424,129.2197412,35.55435721,401276.4359,330866.1907,"{'lat': 35.5602275, 'lng': 129.2208546}",35.5602275,129.2208546
8539,9264,중학교,청량중학교,,본교,기존(원)교,공립,남여공학,052-268-6823,052-266-0396,http://www.cheongyang.ms.kr,울산광역시 울주군 청량면 상남리 776번지,울산광역시,울주군,,청량면,청량면,상남리,0,776.0,,,3171033023,3171033000.0,울산광역시 울주군 청량면 송전길 2,송전길,2.0,0.0,44984.0,1163663.593,1722800.756,129.304212,35.487612,409110.3783,323634.7918,"{'lat': 35.4885487, 'lng': 129.304466}",35.4885487,129.304466
11363,12281,일반고등학교,다운고등학교,,본교,기존(원)교,공립,남여공학,052-710-5401,052-249-5700,http://www.daun.hs.kr/,울산광역시 중구 다운동 641번지 다운고등학교,울산광역시,중구,,다운동,다운동,,0,641.0,,다운고등학교,3111011200,3111061000.0,"울산광역시 중구 다운로 180, (다운동,다운고등학교)",다운로,180.0,0.0,44403.0,1160452.974,1731462.543,129.2705481,35.56619892,405853.866,332285.4179,"{'lat': 35.5664458, 'lng': 129.2706566}",35.5664458,129.2706566
11364,12282,일반고등학교,성신고등학교,,본교,기존(원)교,사립,남여공학,052-298-0882,052-292-0940,http://www.sungshin-us.hs.kr/　,울산광역시 중구 복산동 352-2번지 성신고등학교,울산광역시,중구,,복산1동,복산동,,0,352.0,2.0,성신고등학교,3111010300,3111054000.0,"울산광역시 중구 성신고교길 26, (복산동,성신고등학교)",성신고교길,26.0,0.0,44470.0,1165738.396,1731272.739,129.3288061,35.56361788,411143.3965,332122.3671,"{'lat': 35.5633472, 'lng': 129.3282461}",35.5633472,129.3282461
11365,12283,일반고등학교,약사고등학교,,본교,기존(원)교,공립,남여공학,052-290-5800,052-290-5809,http://www.yaksa.hs.kr,울산광역시 중구 약사동 893번지 사동 (약),울산광역시,중구,,약사동,약사동,,0,893.0,,,3111011700,3111064000.0,"울산광역시 중구 종가로 560, 사동 (약사동)",종가로,560.0,0.0,44431.0,1166317.982,1732346.722,129.3354193,35.5731994,411717.8688,333199.9392,"{'lat': 35.5794053, 'lng': 129.3383771}",35.5794053,129.3383771
11366,12284,일반고등학교,울산고등학교,,본교,기존(원)교,사립,남자,052-297-7701,052-298-5502,http://www.ulsan-hs.hs.kr,"울산광역시 중구 복산동 382번지 울산고등학교,울산중학교",울산광역시,중구,,복산2동,복산동,,0,382.0,,"울산고등학교,울산중학교",3111010300,3111055000.0,"울산광역시 중구 도화골15길 15, (복산동,울산고등학교,울산중학교)",도화골15길,15.0,0.0,44478.0,1166013.668,1731210.628,129.3318294,35.56301203,411419.1489,332061.6179,"{'lat': 35.5643749, 'lng': 129.3312458}",35.5643749,129.3312458
11367,12285,공업고등학교,울산애니원고등학교,,본교,기존(원)교,공립,남여공학,052-248-4030,052-248-4034,http://www.anione.hs.kr,울산광역시 중구 성안동 480번지 울산애니원고등학교,울산광역시,중구,,성안동,성안동,,0,480.0,,울산애니원고등학교,3111010900,3111065000.0,"울산광역시 중구 성안11길 21, (성안동,울산애니원고등학교)",성안11길,21.0,0.0,44417.0,1164975.045,1732893.974,129.3207175,35.57835595,410371.3466,333740.6903,"{'lat': 35.5784564, 'lng': 129.321163}",35.5784564,129.321163
11368,12286,일반고등학교,울산중앙고등학교,,본교,기존(원)교,공립,남자,052-247-0891,052-247-9737,http://usja.hs.kr,울산광역시 중구 태화동 359번지 중앙고등학교,울산광역시,중구,,다운동,태화동,,0,359.0,,중앙고등학교,3111011100,3111061000.0,"울산광역시 중구 난곡로 33, (태화동,중앙고등학교)",난곡로,33.0,0.0,44434.0,1161858.965,1730243.696,129.2858123,35.55498559,407266.8849,331072.9945,"{'lat': 35.555625, 'lng': 129.285056}",35.555625,129.285056
11369,12287,일반고등학교,울산중앙여자고등학교,,본교,기존(원)교,공립,여자,052-293-1697,052-293-1690,http://nanwon.hs.kr/,울산광역시 중구 반구동 595번지 울산중앙여자고등학교,울산광역시,중구,,반구1동,반구동,,0,595.0,,울산중앙여자고등학교,3111011800,3111052000.0,"울산광역시 중구 내황2길 33, (반구동,울산중앙여자고등학교)",내황2길,33.0,0.0,44504.0,1167134.96,1730155.474,129.3439784,35.55331446,412546.4751,331011.5309,"{'lat': 35.5542015, 'lng': 129.344144}",35.5542015,129.344144
11370,12288,일반고등학교,학성여자고등학교,,본교,기존(원)교,공립,여자,052-293-4828,052-281-5163,http://www.hakseong-g.hs.kr,울산광역시 중구 약사동 707-5번지 학성여자고등학교 사동 (약),울산광역시,중구,,약사동,약사동,,0,707.0,5.0,학성여자고등학교,3111011700,3111064000.0,"울산광역시 중구 화합로 466, 사동 (약사동,학성여자고등학교)",화합로,466.0,0.0,44479.0,1166246.922,1731579.53,129.3344778,35.56629744,411650.6675,332431.9266,"{'lat': 35.566347, 'lng': 129.3351065}",35.566347,129.3351065
11371,12289,일반고등학교,함월고등학교,,본교,기존(원)교,공립,남여공학,052-210-6610,052-248-6602,http://hamwol.hs.kr,울산광역시 중구 유곡동 203-6번지,울산광역시,중구,,태화동,유곡동,,0,203.0,6.0,,3111011000,3111060000.0,"울산광역시 중구 종가3길 25, (유곡동)",종가3길,25.0,0.0,44539.0,1162853.277,1730908.219,129.2969116,35.56081142,408258.4104,331742.9649,"{'lat': 35.5651029, 'lng': 129.3041448}",35.5651029,129.3041448
11372,12290,일반고등학교,대현고등학교,,본교,기존(원)교,공립,남자,052-271-8952,052-269-2253,http://daehyun.hs.kr,울산광역시 남구 야음동 789-11번지 야음교육단지,울산광역시,남구,,대현동,야음동,,0,789.0,11.0,야음교육단지,3114010800,3114062500.0,"울산광역시 남구 수암로 164, (야음동,야음교육단지)",수암로,164.0,0.0,44751.0,1165440.866,1727128.392,129.324678,35.52631861,410866.7453,327974.0311,"{'lat': 35.5254406, 'lng': 129.3248625}",35.5254406,129.3248625
11373,12291,일반고등학교,무거고등학교,,본교,기존(원)교,공립,남여공학,052-277-9135,052-277-9228,http://www.mugeo.hs.kr,울산광역시 남구 무거동 1000번지 무거고등학교,울산광역시,남구,,무거동,무거동,,0,1000.0,,무거고등학교,3114010100,3114059500.0,"울산광역시 남구 대학로1번길 17-28, (무거동,무거고등학교)",대학로1번길,17.0,28.0,44619.0,1158774.576,1728125.478,129.2513809,35.53639452,404191.432,328937.8524,"{'lat': 35.5364878, 'lng': 129.2508374}",35.5364878,129.2508374
11374,12292,일반고등학교,문수고등학교,,본교,기존(원)교,공립,남여공학,052-277-0043,052-277-0042,http://munsu.hs.kr,울산광역시 남구 무거동 266-1번지 문수고등학교,울산광역시,남구,,삼호동,무거동,,0,266.0,1.0,문수고등학교,3114010100,3114058500.0,"울산광역시 남구 울밀로 2905, (무거동,문수고등학교)",울밀로,2905.0,0.0,44620.0,1160024.085,1730242.377,129.2655762,35.55527181,405430.9244,331062.3503,"{'lat': 35.5554896, 'lng': 129.265236}",35.5554896,129.265236
11375,12293,일반고등학교,삼산고등학교,,본교,기존(원)교,공립,남여공학,052-271-9939,052-271-9940,http://ussamsan.hs.kr,울산광역시 남구 삼산동 1541-11번지 삼산빌딩,울산광역시,남구,,삼산동,삼산동,,0,1541.0,11.0,삼산빌딩,3114010600,3114057000.0,"울산광역시 남구 돋질로 339, (삼산동,삼산빌딩)",돋질로,339.0,0.0,44709.0,1166970.253,1729120.122,129.3419485,35.5440117,412386.9297,329974.7218,"{'lat': 35.5452107, 'lng': 129.341051}",35.5452107,129.341051
11376,12294,일반고등학교,삼일여자고등학교,,본교,기존(원)교,사립,여자,052-271-6889,052-276-4417,http://www.samil-us.hs.kr,울산광역시 남구 선암동 650-6번지 삼일여자고등학교,울산광역시,남구,,선암동,선암동,,0,650.0,6.0,삼일여자고등학교,3114010900,3114064000.0,"울산광역시 남구 두왕로190번길 59, (선암동,삼일여자고등학교)",두왕로190번길,59.0,0.0,44773.0,1164719.47,1726007.278,129.3164974,35.51633509,410150.6106,326848.5851,"{'lat': 35.5164361, 'lng': 129.3171615}",35.5164361,129.3171615
11377,12295,일반고등학교,성광여자고등학교,,본교,기존(원)교,사립,여자,052-277-2896,052-277-2891,http://sungkwang.hs.kr/,울산광역시 남구 옥동 907-1번지 성광여자고등학교,울산광역시,남구,,옥동,옥동,,0,907.0,1.0,성광여자고등학교,3114010200,3114060000.0,"울산광역시 남구 남부순환도로 97, (옥동,성광여자고등학교)",남부순환도로,97.0,0.0,44642.0,1160094.531,1728798.297,129.2660676,35.5422459,405508.7493,329617.7737,"{'lat': 35.543237, 'lng': 129.265641}",35.543237,129.265641
11378,12296,일반고등학교,신선여자고등학교,,본교,기존(원)교,공립,여자,052-256-9893,052-256-9896,http://shinsun.hs.kr,울산광역시 남구 야음동 789-11번지 야음교육단지,울산광역시,남구,,대현동,야음동,,0,789.0,11.0,야음교육단지,3114010800,3114062500.0,"울산광역시 남구 수암로 164, (야음동,야음교육단지)",수암로,164.0,0.0,44751.0,1165440.866,1727128.392,129.324678,35.52631861,410866.7453,327974.0311,"{'lat': 35.5254406, 'lng': 129.3248625}",35.5254406,129.3248625
11379,12297,일반고등학교,신정고등학교,,본교,기존(원)교,공립,남자,052-258-1801,052-258-1809,http://www.shinjung-us.hs.kr/,울산광역시 남구 신정동 1650-1번지 신정고등학교,울산광역시,남구,,신정2동,신정동,,0,1650.0,1.0,신정고등학교,3114010400,3114052000.0,"울산광역시 남구 문수로 458, (신정동,신정고등학교)",문수로,458.0,0.0,44666.0,1163497.622,1727799.316,129.3033905,35.53268738,408918.9346,328635.4865,"{'lat': 35.5323226, 'lng': 129.302305}",35.5323226,129.302305
11380,12298,일반고등학교,우신고등학교,,본교,기존(원)교,사립,남여공학,052-277-4902,052-277-6826,http://www.woo-shin.hs.kr,울산광역시 남구 무거동 962-2번지 우신고등학교,울산광역시,남구,,무거동,무거동,,0,962.0,2.0,우신고등학교,3114010100,3114059500.0,"울산광역시 남구 대학로1번길 29, (무거동,우신고등학교)",대학로1번길,29.0,0.0,44619.0,1158850.32,1728371.274,129.2522643,35.5385976,404265.9724,329184.178,"{'lat': 35.5384598, 'lng': 129.2504208}",35.5384598,129.2504208
11381,12299,일반고등학교,울산강남고등학교,,본교,기존(원)교,공립,남여공학,052-279-2508,052-279-2509,http://ugn.hs.kr,울산광역시 남구 신정동 341번지 울산강남고등학교,울산광역시,남구,,신정5동,신정동,,0,341.0,,울산강남고등학교,3114010400,3114055000.0,"울산광역시 남구 팔등로115번길 22, (신정동,울산강남고등학교)",팔등로115번길,22.0,0.0,44681.0,1164812.306,1729604.709,129.3182523,35.54874006,410225.2298,330448.6344,"{'lat': 35.5489321, 'lng': 129.3188863}",35.5489321,129.3188863
11382,12300,공업고등학교,울산공업고등학교,,본교,기존(원)교,공립,남여공학,052-261-4051,052-267-9963,http://ust.hs.kr,울산광역시 남구 신정동 167-8번지 울산공업고등학교,울산광역시,남구,,신정3동,신정동,,0,167.0,8.0,울산공업고등학교,3114010400,3114053000.0,"울산광역시 남구 중앙로204번길 49, (신정동,울산공업고등학교)",중앙로204번길,49.0,0.0,44689.0,1164777.61,1728688.093,129.3176833,35.54048521,410195.1703,329531.295,"{'lat': 35.5412837, 'lng': 129.3171127}",35.5412837,129.3171127
11383,12301,일반고등학교,울산여자고등학교,,본교,기존(원)교,공립,여자,052-258-4236,052-258-4238,http://ulsan-gh.hs.kr,울산광역시 남구 신정동 1209-1번지 울산여자고등학교,울산광역시,남구,,신정2동,신정동,,0,1209.0,1.0,울산여자고등학교,3114010400,3114052000.0,"울산광역시 남구 삼산로9번길 16, (신정동,울산여자고등학교)",삼산로9번길,16.0,0.0,44677.0,1163955.233,1727969.939,129.3084702,35.53414949,409375.9512,328808.5349,"{'lat': 35.5354459, 'lng': 129.3088059}",35.5354459,129.3088059
11384,12302,상업고등학교,울산여자상업고등학교,,본교,기존(원)교,공립,여자,052-257-2301,052-268-0691,http://www.ulsangch.hs.kr,울산광역시 남구 신정동 787번지 울산여자상업고등학교,울산광역시,남구,,신정4동,신정동,,0,787.0,,울산여자상업고등학교,3114010400,3114054000.0,"울산광역시 남구 두왕로 304, (신정동,울산여자상업고등학교)",두왕로,304.0,0.0,44742.0,1164029.763,1727449.384,129.3091866,35.52944585,409453.1692,328288.0487,"{'lat': 35.5293183, 'lng': 129.3097233}",35.5293183,129.3097233
11385,12303,일반고등학교,울산제일고등학교,,본교,기존(원)교,사립,남자,052-277-3176,052-277-3974,http://www.ulsanjeil.hs.kr,울산광역시 남구 옥동 910-1번지 울산제일고등학교,울산광역시,남구,,옥동,옥동,,0,910.0,1.0,울산제일고등학교,3114010200,3114060000.0,"울산광역시 남구 남부순환도로 107, (옥동,울산제일고등학교)",남부순환도로,107.0,0.0,44642.0,1160266.518,1728700.586,129.2679448,35.5413375,405681.3338,329520.8784,"{'lat': 35.54255, 'lng': 129.26871}",35.54255,129.26871
11386,12304,일반고등학교,학성고등학교,,본교,기존(원)교,공립,남자,052-257-2077,052-257-2079,http://www.haksung.hs.kr,울산광역시 남구 신정동 1674번지 학성고등학교,울산광역시,남구,,신정2동,신정동,,0,1674.0,,학성고등학교,3114010400,3114052000.0,"울산광역시 남구 문수로 436, (신정동,학성고등학교)",문수로,436.0,0.0,44666.0,1163274.484,1727836.157,129.3009378,35.53305617,408695.4761,328671.2161,"{'lat': 35.5312509, 'lng': 129.3002988}",35.5312509,129.3002988
11387,12305,일반고등학교,남목고등학교,,본교,기존(원)교,공립,남여공학,052-965-7009,052-236-0786,http://nammok.hs.kr,울산광역시 동구 서부동 728번지 남목고등학교,울산광역시,동구,,남목1동,서부동,,0,728.0,,남목고등학교,3117010800,3117058000.0,"울산광역시 동구 방어진순환도로 1200, (서부동,남목고등학교)",방어진순환도로,1200.0,0.0,44010.0,1173941.699,1728545.694,129.4186936,35.53763618,419365.4988,329435.3657,"{'lat': 35.5380436, 'lng': 129.4187718}",35.5380436,129.4187718
11388,12306,일반고등학교,대송고등학교,,본교,기존(원)교,공립,남여공학,052-236-2920,052-236-4892,http://www.daesong.hs.kr,울산광역시 동구 화정동 223번지 대송고등학교,울산광역시,동구,,대송동,화정동,,0,223.0,,대송고등학교,3117010200,3117054000.0,"울산광역시 동구 봉수로 210, (화정동,대송고등학교)",봉수로,210.0,0.0,44054.0,1174006.616,1724985.1,129.4186453,35.50553817,419448.5376,325872.9392,"{'lat': 35.5056335, 'lng': 129.4189337}",35.5056335,129.4189337
11389,12307,일반고등학교,문현고등학교,,본교,기존(원)교,공립,남여공학,052-201-6901,052-201-6903,http://www.mun-hyun.hs.kr,울산광역시 동구 방어동 1008번지 문현고등학교,울산광역시,동구,,방어동,방어동,,0,1008.0,,문현고등학교,3117010100,3117051000.0,"울산광역시 동구 화잠7길 25, (방어동,문현고등학교)",화잠7길,25.0,0.0,44105.0,1173197.778,1722381.422,129.4091759,35.48221613,418652.4215,323263.5763,"{'lat': 35.4821639, 'lng': 129.4095186}",35.4821639,129.4095186
11390,12308,일반고등학교,방어진고등학교,,본교,기존(원)교,공립,남여공학,052-230-3103,052-252-3660,http://www.bangeojin.hs.kr,울산광역시 동구 화정동 274-1번지 방어진고등학교 (화정동.),울산광역시,동구,,대송동,화정동,,0,274.0,1.0,방어진고등학교,3117010200,3117054000.0,"울산광역시 동구 학문로 50, (화정동,방어진고등학교)",학문로,50.0,0.0,44054.0,1174417.447,1724870.976,129.4231484,35.50443761,419860.1975,325760.8315,"{'lat': 35.5045782, 'lng': 129.4229889}",35.5045782,129.4229889
11391,12309,가사고등학교,울산생활과학고등학교,,본교,기존(원)교,공립,남여공학,052-235-9661,052-236-9123,http://www.uvhe.hs.kr,울산광역시 동구 화정동 300번지 울산생활과학고등학교 (화정동300),울산광역시,동구,,대송동,화정동,,0,300.0,,울산생활과학고등학교,3117010200,3117054000.0,"울산광역시 동구 학문로 70, (화정동,울산생활과학고등학교)",학문로,70.0,0.0,44054.0,1174302.322,1724790.236,129.4218623,35.50373025,419745.4124,325679.4584,"{'lat': 35.504773, 'lng': 129.4216}",35.504773,129.4216
11392,12310,일반고등학교,현대고등학교,,본교,기존(원)교,사립,남여공학,052-936-7800,052-936-7800,http://www.hdhs.or.kr/,울산광역시 동구 서부동 238-17번지 현대고등학교 238-17,울산광역시,동구,,남목2동,서부동,,0,238.0,17.0,현대고등학교,3117010800,3117059000.0,"울산광역시 동구 봉수로 455, (서부동,현대고등학교)",봉수로,455.0,0.0,44018.0,1174309.293,1727180.759,129.4224528,35.52527142,419740.25,328071.4688,"{'lat': 35.5251313, 'lng': 129.421544}",35.5251313,129.421544
11393,12311,공업고등학교,현대공업고등학교,,본교,기존(원)교,사립,남여공학,052-250-0323,052-252-6792,http://www.hit.hs.kr,울산광역시 동구 동부동 166-1번지 현대공업고등학교,울산광역시,동구,,남목3동,동부동,,0,166.0,1.0,현대공업고등학교,3117010700,3117060000.0,"울산광역시 동구 미포로 122, (동부동,현대공업고등학교)",미포로,122.0,0.0,44032.0,1175040.168,1728645.919,129.430826,35.538346,420464.1266,329541.232,"{'lat': 35.5379911, 'lng': 129.4321815}",35.5379911,129.4321815
11394,12312,일반고등학교,현대청운고등학교,,본교,기존(원)교,사립,남여공학,052-230-7771,052-230-7780,http://hcu.hs.kr,울산광역시 동구 서부동 290번지 현대청운고등학교,울산광역시,동구,,남목2동,서부동,,0,290.0,,현대청운고등학교,3117010800,3117059000.0,"울산광역시 동구 방어진순환도로 1077, (서부동,현대청운고등학교)",방어진순환도로,1077.0,0.0,44017.0,1174836.69,1728424.982,129.4285349,35.53639093,420261.6473,329319.1268,"{'lat': 35.536973, 'lng': 129.4281893}",35.536973,129.4281893
11395,12313,일반고등학교,화암고등학교,,본교,기존(원)교,공립,남여공학,052-230-3700,052-201-6323,http://hwaam.hs.kr,울산광역시 동구 방어동 1053번지 화암고등학교,울산광역시,동구,,방어동,방어동,,0,1053.0,,화암고등학교,3117010100,3117051000.0,"울산광역시 동구 화암7길 55, (방어동,화암고등학교)",화암7길,55.0,0.0,44115.0,1173332.441,1721793.674,129.4105342,35.47689604,418790.1482,322676.1558,"{'lat': 35.476637, 'lng': 129.409685}",35.476637,129.409685
11396,12314,일반고등학교,달천고등학교,,본교,기존(원)교,공립,남여공학,052-707-7011,052-281-7018,http://dalcheon.hs.kr,울산광역시 북구 달천동 1-17번지 달천고등학교,울산광역시,북구,,농소3동,달천동,,0,1.0,17.0,달천고등학교,3120010900,3120053000.0,"울산광역시 북구 가재길 63-23, (달천동,달천고등학교)",가재길,63.0,23.0,44205.0,1165628.696,1738872.381,129.3291543,35.63212379,410994.9688,339725.9931,"{'lat': 35.6312698, 'lng': 129.3287257}",35.6312698,129.3287257
11397,12315,일반고등학교,매곡고등학교,,본교,기존(원)교,공립,남여공학,052-290-5910,052-296-4422,http://www.maegok.hs.kr,울산광역시 북구 매곡동 336번지 매곡고등학교,울산광역시,북구,,농소1동,매곡동,,0,336.0,,매곡고등학교,3120010300,3120051000.0,"울산광역시 북구 매산로 45, (매곡동,매곡고등학교)",매산로,45.0,0.0,44223.0,1168368.218,1740289.931,129.3596907,35.64443524,413728.9135,341158.3423,"{'lat': 35.6446315, 'lng': 129.3596459}",35.6446315,129.3596459
11398,12316,일반고등학교,무룡고등학교,,본교,기존(원)교,공립,남여공학,052-289-0252,052-289-0241,http://www.muryong.hs.kr http://,울산광역시 북구 연암동 1153번지 무룡고등학교,울산광역시,북구,,효문동,연암동,,0,1153.0,,무룡고등학교,3120012200,3120056000.0,"울산광역시 북구 사청1길 30, (연암동,무룡고등학교)",사청1길,30.0,0.0,44248.0,1168650.501,1733880.713,129.3614679,35.58662882,414043.9864,334746.7112,"{'lat': 35.585984, 'lng': 129.361659}",35.585984,129.361659
11399,12317,일반고등학교,울산동천고등학교,,본교,기존(원)교,공립,남여공학,052-286-3191,052-286-3193,http://www.usdc.hs.kr,울산광역시 북구 천곡동 376-1번지 동천고등학교,울산광역시,북구,,농소3동,천곡동,,0,376.0,1.0,동천고등학교,3120010800,3120053000.0,"울산광역시 북구 고래로 54, (천곡동,동천고등학교)",고래로,54.0,0.0,44203.0,1166535.774,1738872.038,129.3391671,35.6319682,411902.5917,339730.2683,"{'lat': 35.63245440000001, 'lng': 129.3397334}",35.63245440000001,129.3397334
11400,12318,공업고등학교,울산마이스터고등학교,,본교,기존(원)교,공립,남자,052-702-2002,052-702-2092,http://www.ulsanmeister.hs.kr,울산광역시 북구 효문동 34-1번지 울산마이스터고등학교,울산광역시,북구,,효문동,효문동,,0,34.0,1.0,울산마이스터고등학교,3120012300,3120056000.0,"울산광역시 북구 율동6길 7, (효문동,울산마이스터고등학교)",율동6길,7.0,0.0,44246.0,1170233.946,1730980.943,129.3783264,35.56022574,415643.1287,331853.2463,"{'lat': 35.5608387, 'lng': 129.3782056}",35.5608387,129.3782056
11401,12319,체육고등학교,울산스포츠과학고등학교,,본교,기존(원)교,공립,남여공학,052-716-5010,070-8255-5034,http://www.ussmh.hs.kr,울산광역시 북구 산하동 799번지,울산광역시,북구,,강동동,산하동,,0,799.0,,,3120011800,3120054000.0,"울산광역시 북구 산음3길 16, (산하동)",산음3길,16.0,0.0,44233.0,1174974.903,1738116.267,129.4321559,35.62369898,420350.6582,339017.0074,"{'lat': 35.6233896, 'lng': 129.4313779}",35.6233896,129.4313779
11402,12320,공업고등학교,울산에너지고등학교,,본교,기존(원)교,공립,남여공학,052-288-8256,052-289-4199,http://www.usenergy.hs.kr/,울산광역시 북구 화봉동 453번지 울산에너지고등학교,울산광역시,북구,,송정동,화봉동,,0,453.0,,울산에너지고등학교,3120012500,3120057000.0,"울산광역시 북구 화동2길 28, (화봉동,울산에너지고등학교)",화동2길,28.0,0.0,44240.0,1169275.806,1734308.897,129.3684561,35.59038073,414667.4893,335178.3331,"{'lat': 35.5900313, 'lng': 129.3690476}",35.5900313,129.3690476
11403,12321,외국어고등학교,울산외국어고등학교,,본교,기존(원)교,공립,남여공학,052-711-7101,052-294-7401,http://www.ufl.hs.kr,울산광역시 북구 중산동 203-3번지 울산외국어고등학교,울산광역시,북구,,농소2동,중산동,,0,203.0,3.0,울산외국어고등학교,3120010600,3120052000.0,"울산광역시 북구 중산동로 32-46, (중산동,울산외국어고등학교)",중산동로,32.0,46.0,44214.0,1167817.542,1741712.574,129.3539074,35.65734947,413170.6601,342579.0346,"{'lat': 35.6589949, 'lng': 129.3548513}",35.6589949,129.3548513
11404,12322,일반고등학교,호계고등학교,,본교,기존(원)교,공립,남여공학,052-219-0602,052-282-9043,http://hogye.hs.kr,울산광역시 북구 호계동 262-4번지 호계고등학교,울산광역시,북구,,농소1동,호계동,,0,262.0,4.0,호계고등학교,3120010200,3120051000.0,"울산광역시 북구 동대11길 31, (호계동,호계고등학교)",동대11길,31.0,0.0,44227.0,1167989.385,1738770.674,129.3551917,35.63080861,413357.5898,339636.2447,"{'lat': 35.630729, 'lng': 129.354908}",35.630729,129.354908
11405,12323,일반고등학교,화봉고등학교,,본교,기존(원)교,공립,남여공학,052-283-3511,052-283-3516,http://www.hwabong.hs.kr/,울산광역시 북구 화봉동 1441번지 화봉고등학교,울산광역시,북구,,송정동,화봉동,,0,1441.0,,화봉고등학교,3120012500,3120057000.0,"울산광역시 북구 화동로 47, (화봉동,화봉고등학교)",화동로,47.0,0.0,44237.0,1169447.48,1734825.814,129.3704585,35.59500967,414836.6378,335696.4346,"{'lat': 35.5952215, 'lng': 129.3700344}",35.5952215,129.3700344
11406,12324,일반고등학교,효정고등학교,,본교,기존(원)교,공립,남여공학,052-288-6927,052-288-6926,http://www.hyojung.hs.kr,울산광역시 북구 효문동 507번지 효정고등학교,울산광역시,북구,,효문동,효문동,,0,507.0,,효정고등학교,3120012300,3120056000.0,"울산광역시 북구 율동2길 41, (효문동,효정고등학교)",율동2길,41.0,0.0,44252.0,1170000.935,1731264.774,129.3758163,35.56282358,415408.5338,332136.0649,"{'lat': 35.5635981, 'lng': 129.3751584}",35.5635981,129.3751584
11407,12325,일반고등학교,남창고등학교,,본교,기존(원)교,공립,남여공학,052-238-3412,052-238-3414,http://namchang.hs.kr,울산광역시 울주군 온양읍 운화리 63번지 남창고등학교,울산광역시,울주군,,온양읍,온양읍,운화리,0,63.0,,남창고등학교,3171025629,3171025600.0,"울산광역시 울주군 온양읍 태화7길 43-16, (남창고등학교)",태화7길,43.0,16.0,44973.0,1161459.526,1714697.319,129.2783171,35.41494131,406946.0766,315515.3634,"{'lat': 35.4151138, 'lng': 129.2776161}",35.4151138,129.2776161
11408,12326,일반고등학교,범서고등학교,,본교,기존(원)교,공립,남여공학,052-711-2506,052-243-3800,http://www.beomseo.hs.kr,울산광역시 울주군 범서읍 구영리 213번지 범서고등학교,울산광역시,울주군,,범서읍,범서읍,구영리,0,213.0,,범서고등학교,3171025927,3171025900.0,"울산광역시 울주군 범서읍 대리로 69, (범서고등학교)",대리로,69.0,0.0,44920.0,1158464.062,1731793.407,129.2486751,35.56950107,403862.0967,332606.3672,"{'lat': 35.5697028, 'lng': 129.2494083}",35.5697028,129.2494083
11409,12327,일반고등학교,세인고등학교,,본교,기존(원)교,사립,남자,052-267-5030,052-267-5033,http://sein.hs.kr/,울산광역시 울주군 청량면 용암리 400번지 홍명고등학교,울산광역시,울주군,,청량면,청량면,용암리,0,400.0,,홍명고등학교,3171033029,3171033000.0,"울산광역시 울주군 청량면 온산로 360, (홍명고등학교)",온산로,360.0,0.0,44989.0,1165604.364,1721097.178,129.32525,35.47193738,411060.9493,321940.0414,"{'lat': 35.4726588, 'lng': 129.3247965}",35.4726588,129.3247965
11410,12328,일반고등학교,언양고등학교,,본교,기존(원)교,공립,남여공학,052-263-2022,052-263-2019,http://eonyang.hs.kr,울산광역시 울주군 언양읍 어음리 264-3번지,울산광역시,울주군,,언양읍,언양읍,어음리,0,264.0,3.0,,3171025324,3171025300.0,울산광역시 울주군 언양읍 언양로 53,언양로,53.0,0.0,44940.0,1147975.353,1730692.805,129.1327728,35.56120465,393372.8586,331451.8123,"{'lat': 35.5618308, 'lng': 129.1337372}",35.5618308,129.1337372
11411,12329,일반고등학교,온산고등학교,,본교,기존(원)교,공립,남여공학,052-716-4050,052-716-4051,http://onsan.hs.kr,울산광역시 울주군 온산읍 덕신리 71-1번지,울산광역시,울주군,,온산읍,온산읍,덕신리,0,71.0,1.0,,3171025032,3171025000.0,울산광역시 울주군 온산읍 명봉거남로 78,명봉거남로,78.0,0.0,44991.0,1164888.133,1717599.074,129.3166504,35.44053084,410362.0243,318436.216,"{'lat': 35.439994, 'lng': 129.3176563}",35.439994,129.3176563
11412,12330,일반고등학교,울산경의고등학교,,본교,기존(원)교,사립,남여공학,052-226-6113,052-226-6161,http://gyeongui.hs.kr,"울산광역시 울주군 상북면 산전리 435번지 상북중학교,경의고등학교",울산광역시,울주군,,상북면,상북면,산전리,0,435.0,,"상북중학교,경의고등학교",3171038023,3171038000.0,"울산광역시 울주군 상북면 상북로 248, (상북중학교,경의고등학교)",상북로,248.0,0.0,44902.0,1144338.668,1733607.094,129.0931795,35.5880081,389719.2645,334349.2928,"{'lat': 35.588562, 'lng': 129.0938507}",35.588562,129.0938507
11413,12331,과학고등학교,울산과학고등학교,,본교,기존(원)교,공립,남여공학,052-263-3182,052-263-3189,http://www.ushs.hs.kr,울산광역시 울주군 상북면 산전리 30번지,울산광역시,울주군,,상북면,상북면,산전리,0,30.0,,,3171038023,3171038000.0,울산광역시 울주군 상북면 도동신리로 117,도동신리로,117.0,0.0,44902.0,1144934.031,1734618.46,129.0999301,35.59703654,390309.8256,335364.2677,"{'lat': 35.5987023, 'lng': 129.1010355}",35.5987023,129.1010355
11414,12332,공업고등학교,울산기술공업고등학교,,본교,기존(원)교,사립,남여공학,052-237-4002,052-238-4455,http://www.ue.hs.kr,울산광역시 울주군 온산읍 덕신리 630번지 울산경영정보고등학교,울산광역시,울주군,,온산읍,온산읍,덕신리,0,630.0,,울산경영정보고등학교,3171025032,3171025000.0,"울산광역시 울주군 온산읍 덕망로 54, (울산경영정보고등학교)",덕망로,54.0,0.0,45002.0,1164083.727,1717287.251,129.307729,35.43785361,409558.7182,318120.131,"{'lat': 35.4383339, 'lng': 129.3082515}",35.4383339,129.3082515
11415,12333,가사고등학교,울산미용예술고등학교,,본교,기존(원)교,공립,남여공학,052-225-0005,052-225-6663,http://uba.hs.kr,울산광역시 울주군 웅촌면 곡천리 408번지,울산광역시,울주군,,웅촌면,웅촌면,곡천리,0,408.0,,,3171034023,3171034000.0,울산광역시 울주군 웅촌면 학교길 26,학교길,26.0,0.0,44965.0,1154668.412,1720118.681,129.2045799,35.46488094,400123.4868,320905.5097,"{'lat': 35.4658642, 'lng': 129.2041458}",35.4658642,129.2041458
11416,12334,상업고등학교,울산산업고등학교,,본교,기존(원)교,공립,남여공학,052-262-0452,052-264-1876,http://www.usup.hs.kr,울산광역시 울주군 삼남면 교동리 950번지 울산산업고등학교,울산광역시,울주군,,삼남면,삼남면,교동리,0,950.0,,울산산업고등학교,3171039021,3171039000.0,"울산광역시 울주군 삼남면 반구대로 675, (울산산업고등학교)",반구대로,675.0,0.0,44951.0,1146608.369,1729788.866,129.1175311,35.55326075,392009.6785,330540.4056,"{'lat': 35.5533166, 'lng': 129.1157941}",35.5533166,129.1157941
11417,12335,상업고등학교,울산상업고등학교,,본교,기존(원)교,공립,남자,052-277-1811,052-224-1441,http://www.ulsan.hs.kr/,울산광역시 울주군 범서읍 굴화리 333-1번지,울산광역시,울주군,,범서읍,범서읍,굴화리,0,333.0,1.0,,3171025924,3171025900.0,울산광역시 울주군 범서읍 장검길 11,장검길,11.0,0.0,44933.0,1159057.844,1730440.832,129.254959,35.55721597,404463.1037,331256.012,"{'lat': 35.5573595, 'lng': 129.2561339}",35.5573595,129.2561339
11418,12336,예술고등학교,울산예술고등학교,,본교,기존(원)교,사립,남여공학,052-221-6266,052-221-6270,http://www.ulsanart. hs. kr,울산광역시 울주군 웅촌면 대복리 475-1번지 울산예술고등학교,울산광역시,울주군,,웅촌면,웅촌면,대복리,0,475.0,1.0,울산예술고등학교,3171034029,3171034000.0,"울산광역시 울주군 웅촌면 웅촌로 621-6, (울산예술고등학교)",웅촌로,621.0,6.0,44962.0,1155730.699,1722073.391,129.216657,35.48233223,401176.4832,322866.7536,"{'lat': 35.4826047, 'lng': 129.2161755}",35.4826047,129.2161755
11419,12337,일반고등학교,천상고등학교,,본교,신설(원)교,공립,남여공학,052-998-8600,052-998-8670,http://cheonsang.hs.kr,울산광역시 울주군 범서읍 천상리 566-1번지,울산광역시,울주군,,범서읍,범서읍,천상리,0,566.0,1.0,,3171025922,3171025900.0,울산광역시 울주군 범서읍 당앞로 96,당앞로,96.0,0.0,44929.0,1155871.154,1730067.424,129.2197412,35.55435721,401276.4359,330866.1907,"{'lat': 35.5655077, 'lng': 129.2218994}",35.5655077,129.2218994
